"ReceiptID";"Amount";"SaleDatetime";"PaymentMethod";"OrderID"
1;12.53;"2024-01-01 11:51:00";"Credit Card";1
2;41.89;"2024-01-01 13:25:00";"Cash";2
3;47.79;"2024-01-01 14:16:00";"Debit Card";3
4;34.23;"2024-01-01 15:43:00";"Debit Card";4
5;47.9;"2024-01-01 16:59:00";"Debit Card";5
6;13.27;"2024-01-01 18:09:00";"Cash";6
7;39.97;"2024-01-01 18:40:00";"Credit Card";7
8;17.68;"2024-01-01 19:02:00";"Credit Card";8
9;10.85;"2024-01-01 19:56:00";"Debit Card";9
10;94.15;"2024-01-01 19:59:00";"Debit Card";10
11;90.64;"2024-01-01 21:35:00";"Mobile Payment";11
12;44.89;"2024-01-01 23:22:00";"Credit Card";12
13;77.11;"2024-01-02 01:24:00";"Debit Card";13
14;58.94;"2024-01-02 02:41:00";"Cash";14
15;83.66;"2024-01-02 03:26:00";"Mobile Payment";15
16;96.92;"2024-01-02 04:08:00";"Debit Card";16
17;25.42;"2024-01-02 04:09:00";"Credit Card";17
18;11.97;"2024-01-02 03:48:00";"Cash";18
19;17.31;"2024-01-02 05:12:00";"Debit Card";19
20;99.41;"2024-01-02 05:30:00";"Credit Card";20
21;15.1;"2024-01-02 07:13:00";"Credit Card";21
22;27.85;"2024-01-02 07:18:00";"Debit Card";22
24;87.3;"2024-01-02 09:11:00";"Debit Card";24
25;91.0;"2024-01-02 10:18:00";"Credit Card";25
26;24.39;"2024-01-02 09:35:00";"Debit Card";26
27;51.44;"2024-01-02 11:45:00";"Mobile Payment";27
28;12.27;"2024-01-02 12:21:00";"Debit Card";28
30;77.91;"2024-01-02 13:25:00";"Mobile Payment";30
31;24.38;"2024-01-02 14:47:00";"Debit Card";31
32;15.87;"2024-01-02 15:11:00";"Mobile Payment";32
33;83.01;"2024-01-02 16:00:00";"Cash";33
36;55.09;"2024-01-02 18:27:00";"Mobile Payment";36
37;28.48;"2024-01-02 20:00:00";"Debit Card";37
38;97.15;"2024-01-02 20:37:00";"Mobile Payment";38
39;77.27;"2024-01-02 22:04:00";"Mobile Payment";39
40;97.24;"2024-01-02 23:40:00";"Mobile Payment";40
41;91.39;"2024-01-03 00:15:00";"Credit Card";41
43;96.96;"2024-01-04 23:32:00";"Cash";43
44;91.36;"2024-01-05 23:56:00";"Cash";44
45;58.0;"2024-01-06 23:25:00";"Debit Card";45
46;62.52;"2024-01-07 23:41:00";"Mobile Payment";46
47;22.65;"2024-01-08 02:04:00";"Cash";47
49;50.52;"2024-01-08 03:31:00";"Mobile Payment";49
50;30.23;"2024-01-08 03:07:00";"Cash";50
51;61.71;"2024-01-08 05:19:00";"Cash";51
52;54.53;"2024-01-08 06:05:00";"Mobile Payment";52
53;55.68;"2024-01-08 05:53:00";"Credit Card";53
54;55.6;"2024-01-08 07:21:00";"Cash";54
55;61.27;"2024-01-08 08:52:00";"Cash";55
56;69.07;"2024-01-08 11:14:00";"Mobile Payment";56
57;46.01;"2024-01-08 10:56:00";"Mobile Payment";57
58;64.93;"2024-01-08 12:27:00";"Debit Card";58
59;83.62;"2024-01-08 12:51:00";"Debit Card";59
60;22.9;"2024-01-08 14:49:00";"Cash";60
61;93.36;"2024-01-08 16:39:00";"Debit Card";61
62;81.23;"2024-01-08 17:30:00";"Debit Card";62
63;69.37;"2024-01-08 17:20:00";"Debit Card";63
64;21.49;"2024-01-08 19:48:00";"Mobile Payment";64
66;26.74;"2024-01-08 20:33:00";"Mobile Payment";66
68;20.02;"2024-01-08 23:20:00";"Cash";68
69;85.07;"2024-01-10 00:17:00";"Mobile Payment";69
70;97.65;"2024-01-10 00:40:00";"Debit Card";70
71;55.62;"2024-01-10 01:25:00";"Cash";71
72;60.69;"2024-01-10 01:51:00";"Mobile Payment";72
73;60.15;"2024-01-10 03:04:00";"Debit Card";73
74;60.19;"2024-01-10 02:37:00";"Mobile Payment";74
76;97.56;"2024-01-10 06:56:00";"Cash";76
77;64.05;"2024-01-10 07:54:00";"Cash";77
79;14.77;"2024-01-10 09:16:00";"Cash";79
80;78.26;"2024-01-10 10:39:00";"Cash";80
81;93.1;"2024-01-10 11:28:00";"Credit Card";81
82;86.15;"2024-01-10 13:16:00";"Cash";82
83;88.9;"2024-01-10 14:44:00";"Debit Card";83
84;75.86;"2024-01-10 16:40:00";"Cash";84
85;53.12;"2024-01-10 17:57:00";"Debit Card";85
86;89.68;"2024-01-10 18:58:00";"Debit Card";86
87;32.44;"2024-01-10 19:42:00";"Mobile Payment";87
88;23.72;"2024-01-10 20:19:00";"Debit Card";88
89;81.56;"2024-01-10 20:52:00";"Credit Card";89
90;34.78;"2024-01-10 21:43:00";"Credit Card";90
91;59.78;"2024-01-10 23:19:00";"Debit Card";91
92;69.25;"2024-01-12 00:12:00";"Cash";92
93;47.98;"2024-01-12 01:20:00";"Debit Card";93
94;74.92;"2024-01-12 02:44:00";"Credit Card";94
95;39.36;"2024-01-12 02:52:00";"Credit Card";95
96;82.78;"2024-01-12 05:04:00";"Credit Card";96
97;80.83;"2024-01-12 05:19:00";"Debit Card";97
98;50.15;"2024-01-12 04:52:00";"Mobile Payment";98
100;29.07;"2024-01-12 06:37:00";"Debit Card";100
101;85.44;"2024-01-12 08:09:00";"Mobile Payment";101
102;16.56;"2024-01-12 09:26:00";"Cash";102
103;32.92;"2024-01-12 10:26:00";"Credit Card";103
104;66.65;"2024-01-12 11:59:00";"Credit Card";104
105;22.27;"2024-01-12 14:16:00";"Credit Card";105
106;79.82;"2024-01-12 14:56:00";"Mobile Payment";106
107;85.42;"2024-01-12 16:10:00";"Credit Card";107
109;91.94;"2024-01-12 18:08:00";"Cash";109
110;96.66;"2024-01-12 19:54:00";"Cash";110
111;14.64;"2024-01-12 20:23:00";"Debit Card";111
112;55.04;"2024-01-12 21:52:00";"Debit Card";112
113;92.05;"2024-01-12 22:53:00";"Credit Card";113
114;48.8;"2024-01-13 23:52:00";"Debit Card";114
115;61.32;"2024-01-15 00:18:00";"Mobile Payment";115
116;45.5;"2024-01-15 00:45:00";"Cash";116
117;38.85;"2024-01-15 01:43:00";"Credit Card";117
118;69.84;"2024-01-15 04:02:00";"Credit Card";118
119;97.66;"2024-01-15 03:34:00";"Mobile Payment";119
120;43.48;"2024-01-15 04:26:00";"Debit Card";120
121;17.76;"2024-01-15 04:47:00";"Cash";121
122;90.1;"2024-01-15 06:02:00";"Mobile Payment";122
123;97.5;"2024-01-15 06:40:00";"Mobile Payment";123
124;88.02;"2024-01-15 07:40:00";"Cash";124
125;86.35;"2024-01-15 08:18:00";"Cash";125
126;58.53;"2024-01-15 09:00:00";"Credit Card";126
127;24.03;"2024-01-15 09:50:00";"Mobile Payment";127
128;97.22;"2024-01-15 09:40:00";"Cash";128
129;71.64;"2024-01-15 11:59:00";"Mobile Payment";129
130;77.97;"2024-01-15 12:31:00";"Credit Card";130
131;56.03;"2024-01-15 13:43:00";"Debit Card";131
132;83.72;"2024-01-15 13:35:00";"Mobile Payment";132
133;27.15;"2024-01-15 15:07:00";"Credit Card";133
134;89.86;"2024-01-15 15:44:00";"Credit Card";134
135;11.45;"2024-01-15 15:18:00";"Mobile Payment";135
136;12.89;"2024-01-15 16:45:00";"Credit Card";136
137;83.51;"2024-01-15 16:55:00";"Credit Card";137
138;91.86;"2024-01-15 17:07:00";"Cash";138
139;12.1;"2024-01-15 18:09:00";"Debit Card";139
140;99.66;"2024-01-15 20:11:00";"Mobile Payment";140
141;77.23;"2024-01-15 21:49:00";"Debit Card";141
142;23.97;"2024-01-15 21:37:00";"Mobile Payment";142
143;60.49;"2024-01-15 22:49:00";"Cash";143
144;92.84;"2024-01-16 23:21:00";"Credit Card";144
145;93.29;"2024-01-17 23:48:00";"Mobile Payment";145
146;61.67;"2024-01-18 00:45:00";"Debit Card";146
147;63.33;"2024-01-18 01:38:00";"Debit Card";147
148;60.78;"2024-01-18 01:46:00";"Credit Card";148
149;40.02;"2024-01-18 02:19:00";"Credit Card";149
150;19.49;"2024-01-18 04:40:00";"Debit Card";150
151;31.54;"2024-01-18 06:14:00";"Credit Card";151
152;26.42;"2024-01-18 07:09:00";"Cash";152
153;43.71;"2024-01-18 07:06:00";"Cash";153
154;77.85;"2024-01-18 07:48:00";"Mobile Payment";154
155;89.78;"2024-01-18 08:42:00";"Mobile Payment";155
156;92.17;"2024-01-18 09:29:00";"Debit Card";156
157;85.23;"2024-01-18 11:26:00";"Cash";157
158;54.3;"2024-01-18 11:23:00";"Credit Card";158
160;70.78;"2024-01-18 12:37:00";"Mobile Payment";160
161;40.32;"2024-01-18 13:57:00";"Mobile Payment";161
162;49.59;"2024-01-18 15:29:00";"Mobile Payment";162
163;74.54;"2024-01-18 17:21:00";"Mobile Payment";163
164;35.81;"2024-01-18 18:07:00";"Credit Card";164
165;24.16;"2024-01-18 17:53:00";"Cash";165
166;66.19;"2024-01-18 19:34:00";"Credit Card";166
167;63.82;"2024-01-18 20:25:00";"Cash";167
168;22.62;"2024-01-18 21:43:00";"Credit Card";168
169;70.15;"2024-01-18 22:34:00";"Cash";169
170;53.36;"2024-01-18 23:16:00";"Mobile Payment";170
171;65.66;"2024-01-19 00:02:00";"Mobile Payment";171
172;30.69;"2024-01-19 23:29:00";"Credit Card";172
173;68.15;"2024-01-20 23:33:00";"Mobile Payment";173
174;76.32;"2024-01-21 01:40:00";"Debit Card";174
175;35.1;"2024-01-21 02:42:00";"Credit Card";175
176;84.22;"2024-01-21 04:06:00";"Mobile Payment";176
177;90.56;"2024-01-21 05:39:00";"Debit Card";177
178;51.44;"2024-01-21 05:39:00";"Cash";178
179;60.84;"2024-01-21 06:02:00";"Debit Card";179
180;20.88;"2024-01-21 06:42:00";"Mobile Payment";180
181;14.41;"2024-01-21 07:02:00";"Mobile Payment";181
182;88.91;"2024-01-21 08:44:00";"Debit Card";182
183;63.25;"2024-01-21 10:08:00";"Mobile Payment";183
184;53.01;"2024-01-21 11:09:00";"Credit Card";184
185;17.61;"2024-01-21 12:32:00";"Cash";185
187;92.75;"2024-01-21 15:22:00";"Mobile Payment";187
188;91.8;"2024-01-21 15:51:00";"Cash";188
189;96.9;"2024-01-21 16:49:00";"Mobile Payment";189
190;67.6;"2024-01-21 18:33:00";"Debit Card";190
191;11.77;"2024-01-21 18:57:00";"Credit Card";191
194;16.15;"2024-01-21 22:37:00";"Cash";194
197;71.99;"2024-01-23 00:56:00";"Mobile Payment";197
198;71.66;"2024-01-23 01:20:00";"Credit Card";198
199;75.19;"2024-01-23 01:21:00";"Cash";199
200;43.05;"2024-01-23 03:18:00";"Debit Card";200
202;20.52;"2024-01-23 06:25:00";"Debit Card";202
203;89.99;"2024-01-23 08:12:00";"Mobile Payment";203
204;88.22;"2024-01-23 10:33:00";"Debit Card";204
205;71.94;"2024-01-23 11:26:00";"Mobile Payment";205
206;99.76;"2024-01-23 12:01:00";"Mobile Payment";206
207;96.47;"2024-01-23 13:17:00";"Cash";207
208;95.93;"2024-01-23 13:27:00";"Debit Card";208
209;38.93;"2024-01-23 14:25:00";"Cash";209
210;20.49;"2024-01-23 15:47:00";"Debit Card";210
211;64.66;"2024-01-23 16:18:00";"Cash";211
212;33.32;"2024-01-23 17:02:00";"Credit Card";212
214;68.91;"2024-01-23 19:47:00";"Cash";214
215;64.48;"2024-01-23 20:43:00";"Debit Card";215
216;94.87;"2024-01-23 21:54:00";"Debit Card";216
217;29.59;"2024-01-23 22:29:00";"Credit Card";217
218;11.57;"2024-01-23 22:06:00";"Debit Card";218
219;75.27;"2024-01-24 23:26:00";"Mobile Payment";219
220;92.45;"2024-01-25 01:56:00";"Cash";220
222;94.11;"2024-01-25 03:31:00";"Cash";222
223;93.08;"2024-01-25 05:21:00";"Credit Card";223
225;48.54;"2024-01-25 07:14:00";"Credit Card";225
226;94.14;"2024-01-25 08:02:00";"Mobile Payment";226
227;95.5;"2024-01-25 08:54:00";"Mobile Payment";227
228;65.29;"2024-01-25 09:50:00";"Credit Card";228
229;30.7;"2024-01-25 11:24:00";"Mobile Payment";229
230;99.18;"2024-01-25 12:49:00";"Debit Card";230
231;53.76;"2024-01-25 13:30:00";"Debit Card";231
232;61.45;"2024-01-25 15:21:00";"Cash";232
233;70.25;"2024-01-25 15:49:00";"Cash";233
234;37.99;"2024-01-25 16:25:00";"Debit Card";234
235;47.32;"2024-01-25 16:32:00";"Mobile Payment";235
237;39.46;"2024-01-25 20:45:00";"Cash";237
238;36.63;"2024-01-25 22:08:00";"Credit Card";238
239;74.13;"2024-01-25 22:44:00";"Credit Card";239
240;25.14;"2024-01-26 23:41:00";"Debit Card";240
241;80.26;"2024-01-27 23:28:00";"Mobile Payment";241
242;11.98;"2024-01-28 01:24:00";"Mobile Payment";242
243;52.77;"2024-01-28 02:06:00";"Mobile Payment";243
244;73.23;"2024-01-28 03:53:00";"Cash";244
245;62.61;"2024-01-28 03:26:00";"Credit Card";245
246;20.76;"2024-01-28 05:04:00";"Credit Card";246
247;27.53;"2024-01-28 04:55:00";"Mobile Payment";247
248;67.85;"2024-01-28 05:15:00";"Credit Card";248
249;43.77;"2024-01-28 06:24:00";"Cash";249
250;92.55;"2024-01-28 07:52:00";"Credit Card";250
251;32.24;"2024-01-28 09:04:00";"Cash";251
252;36.4;"2024-01-28 10:35:00";"Credit Card";252
253;85.27;"2024-01-28 12:13:00";"Mobile Payment";253
254;39.19;"2024-01-28 13:27:00";"Cash";254
255;24.09;"2024-01-28 13:43:00";"Mobile Payment";255
256;50.03;"2024-01-28 16:07:00";"Debit Card";256
257;46.51;"2024-01-28 15:53:00";"Credit Card";257
258;68.39;"2024-01-28 17:10:00";"Credit Card";258
259;53.51;"2024-01-28 17:04:00";"Debit Card";259
260;35.09;"2024-01-28 18:46:00";"Debit Card";260
261;97.8;"2024-01-28 20:35:00";"Debit Card";261
262;98.26;"2024-01-28 22:14:00";"Credit Card";262
263;77.47;"2024-01-28 22:49:00";"Credit Card";263
264;93.7;"2024-01-28 23:59:00";"Mobile Payment";264
265;65.16;"2024-01-29 01:15:00";"Cash";265
266;80.11;"2024-01-29 03:03:00";"Mobile Payment";266
267;92.56;"2024-01-29 04:24:00";"Cash";267
268;64.94;"2024-01-29 06:20:00";"Credit Card";268
269;77.95;"2024-01-29 07:50:00";"Mobile Payment";269
270;35.11;"2024-01-29 08:50:00";"Cash";270
271;98.85;"2024-01-29 10:11:00";"Mobile Payment";271
272;32.06;"2024-01-29 11:18:00";"Debit Card";272
273;64.04;"2024-01-29 12:03:00";"Cash";273
274;13.29;"2024-01-29 13:07:00";"Credit Card";274
275;36.34;"2024-01-29 13:35:00";"Credit Card";275
276;69.05;"2024-01-29 15:07:00";"Credit Card";276
277;98.79;"2024-01-29 15:30:00";"Cash";277
278;40.63;"2024-01-29 17:49:00";"Debit Card";278
280;16.82;"2024-01-29 19:49:00";"Debit Card";280
281;68.18;"2024-01-29 20:47:00";"Credit Card";281
282;45.08;"2024-01-29 21:58:00";"Mobile Payment";282
283;74.7;"2024-01-31 00:17:00";"Mobile Payment";283
284;16.11;"2024-01-31 23:31:00";"Mobile Payment";284
285;39.71;"2024-02-01 23:47:00";"Debit Card";285
287;46.84;"2024-02-02 02:07:00";"Mobile Payment";287
288;43.6;"2024-02-02 02:04:00";"Credit Card";288
289;19.33;"2024-02-02 04:16:00";"Cash";289
290;20.8;"2024-02-02 06:00:00";"Mobile Payment";290
291;29.14;"2024-02-02 07:10:00";"Mobile Payment";291
292;90.73;"2024-02-02 07:20:00";"Mobile Payment";292
293;96.09;"2024-02-02 09:29:00";"Mobile Payment";293
294;80.14;"2024-02-02 09:35:00";"Mobile Payment";294
295;76.6;"2024-02-02 10:03:00";"Mobile Payment";295
296;48.31;"2024-02-02 12:32:00";"Debit Card";296
297;47.39;"2024-02-02 12:45:00";"Credit Card";297
298;45.46;"2024-02-02 14:59:00";"Mobile Payment";298
299;82.65;"2024-02-02 16:20:00";"Debit Card";299
300;76.96;"2024-02-02 16:06:00";"Credit Card";300
301;66.71;"2024-02-02 17:46:00";"Credit Card";301
302;76.15;"2024-02-02 18:35:00";"Cash";302
303;27.11;"2024-02-02 18:35:00";"Cash";303
304;33.52;"2024-02-02 19:40:00";"Debit Card";304
305;69.51;"2024-02-02 21:20:00";"Cash";305
306;29.81;"2024-02-02 22:45:00";"Debit Card";306
307;51.89;"2024-02-02 23:52:00";"Mobile Payment";307
309;77.7;"2024-02-04 01:09:00";"Debit Card";309
310;12.82;"2024-02-04 01:41:00";"Cash";310
311;19.94;"2024-02-04 02:06:00";"Debit Card";311
312;45.85;"2024-02-04 03:05:00";"Mobile Payment";312
313;37.03;"2024-02-04 04:53:00";"Debit Card";313
314;48.5;"2024-02-04 07:08:00";"Credit Card";314
315;51.88;"2024-02-04 07:46:00";"Mobile Payment";315
316;70.9;"2024-02-04 08:58:00";"Cash";316
317;64.67;"2024-02-04 10:05:00";"Credit Card";317
318;88.84;"2024-02-04 10:04:00";"Debit Card";318
319;42.74;"2024-02-04 10:59:00";"Cash";319
320;47.8;"2024-02-04 12:27:00";"Cash";320
322;40.38;"2024-02-04 14:48:00";"Debit Card";322
323;64.14;"2024-02-04 16:17:00";"Mobile Payment";323
324;81.62;"2024-02-04 18:36:00";"Cash";324
325;60.17;"2024-02-04 18:38:00";"Credit Card";325
326;13.36;"2024-02-04 19:51:00";"Debit Card";326
327;74.53;"2024-02-04 20:54:00";"Mobile Payment";327
328;90.17;"2024-02-04 21:23:00";"Mobile Payment";328
329;66.88;"2024-02-04 21:35:00";"Cash";329
330;61.58;"2024-02-04 22:28:00";"Cash";330
331;35.68;"2024-02-05 23:42:00";"Cash";331
332;37.37;"2024-02-06 01:36:00";"Cash";332
333;81.61;"2024-02-06 02:44:00";"Mobile Payment";333
334;47.08;"2024-02-06 03:14:00";"Mobile Payment";334
335;96.08;"2024-02-06 04:39:00";"Debit Card";335
336;24.13;"2024-02-06 06:11:00";"Mobile Payment";336
337;89.23;"2024-02-06 06:51:00";"Credit Card";337
338;46.76;"2024-02-06 07:21:00";"Mobile Payment";338
339;83.91;"2024-02-06 07:28:00";"Cash";339
341;74.14;"2024-02-06 09:39:00";"Credit Card";341
342;39.77;"2024-02-06 11:24:00";"Credit Card";342
343;11.83;"2024-02-06 11:44:00";"Mobile Payment";343
344;62.85;"2024-02-06 13:56:00";"Mobile Payment";344
345;12.8;"2024-02-06 14:15:00";"Cash";345
346;85.77;"2024-02-06 15:58:00";"Credit Card";346
347;33.37;"2024-02-06 16:55:00";"Debit Card";347
349;64.46;"2024-02-06 18:58:00";"Cash";349
350;20.23;"2024-02-06 20:55:00";"Debit Card";350
351;12.12;"2024-02-06 22:22:00";"Mobile Payment";351
352;35.76;"2024-02-07 23:55:00";"Cash";352
353;80.72;"2024-02-08 01:14:00";"Debit Card";353
354;26.31;"2024-02-08 03:10:00";"Debit Card";354
355;38.46;"2024-02-08 03:53:00";"Credit Card";355
356;12.58;"2024-02-08 04:14:00";"Cash";356
357;16.46;"2024-02-08 05:53:00";"Mobile Payment";357
358;90.66;"2024-02-08 05:59:00";"Mobile Payment";358
359;97.43;"2024-02-08 06:42:00";"Credit Card";359
360;99.57;"2024-02-08 07:34:00";"Cash";360
361;42.16;"2024-02-08 09:13:00";"Credit Card";361
362;69.5;"2024-02-08 10:02:00";"Mobile Payment";362
363;56.37;"2024-02-08 11:09:00";"Cash";363
364;62.12;"2024-02-08 11:42:00";"Cash";364
365;83.31;"2024-02-08 11:25:00";"Mobile Payment";365
366;50.96;"2024-02-08 12:39:00";"Cash";366
367;96.12;"2024-02-08 13:06:00";"Debit Card";367
368;18.34;"2024-02-08 13:55:00";"Credit Card";368
369;49.05;"2024-02-08 13:36:00";"Cash";369
370;71.44;"2024-02-08 14:36:00";"Credit Card";370
371;73.72;"2024-02-08 16:25:00";"Mobile Payment";371
372;19.81;"2024-02-08 18:10:00";"Debit Card";372
373;74.52;"2024-02-08 18:51:00";"Mobile Payment";373
374;74.26;"2024-02-08 18:34:00";"Cash";374
375;84.96;"2024-02-08 20:16:00";"Credit Card";375
376;16.49;"2024-02-08 21:19:00";"Cash";376
377;29.98;"2024-02-08 22:12:00";"Debit Card";377
378;49.68;"2024-02-10 00:01:00";"Mobile Payment";378
380;63.49;"2024-02-12 00:01:00";"Debit Card";380
381;36.77;"2024-02-12 23:54:00";"Mobile Payment";381
382;31.2;"2024-02-13 23:44:00";"Cash";382
383;53.67;"2024-02-14 01:38:00";"Credit Card";383
385;74.82;"2024-02-14 01:54:00";"Mobile Payment";385
386;95.02;"2024-02-14 02:45:00";"Credit Card";386
387;99.83;"2024-02-14 04:20:00";"Debit Card";387
388;68.49;"2024-02-14 05:01:00";"Mobile Payment";388
389;15.91;"2024-02-14 06:15:00";"Cash";389
390;61.87;"2024-02-14 06:33:00";"Debit Card";390
391;29.83;"2024-02-14 08:23:00";"Debit Card";391
392;63.17;"2024-02-14 09:35:00";"Cash";392
393;79.6;"2024-02-14 10:33:00";"Credit Card";393
394;68.15;"2024-02-14 10:15:00";"Credit Card";394
395;13.99;"2024-02-14 11:01:00";"Mobile Payment";395
396;49.76;"2024-02-14 11:06:00";"Debit Card";396
397;11.55;"2024-02-14 13:44:00";"Credit Card";397
398;54.16;"2024-02-14 14:08:00";"Credit Card";398
400;16.96;"2024-02-14 15:14:00";"Cash";400
402;50.12;"2024-02-14 16:41:00";"Cash";402
403;52.93;"2024-02-14 17:38:00";"Debit Card";403
405;87.64;"2024-02-14 19:55:00";"Cash";405
406;77.06;"2024-02-14 21:47:00";"Mobile Payment";406
407;53.4;"2024-02-14 22:19:00";"Cash";407
408;34.89;"2024-02-15 23:52:00";"Debit Card";408
409;68.35;"2024-02-16 00:46:00";"Credit Card";409
410;54.16;"2024-02-16 01:57:00";"Debit Card";410
411;78.21;"2024-02-16 03:18:00";"Mobile Payment";411
412;68.01;"2024-02-16 03:33:00";"Mobile Payment";412
413;35.34;"2024-02-16 05:29:00";"Mobile Payment";413
414;16.82;"2024-02-16 06:01:00";"Debit Card";414
415;71.69;"2024-02-16 06:34:00";"Mobile Payment";415
416;38.16;"2024-02-16 07:17:00";"Debit Card";416
417;88.54;"2024-02-16 08:01:00";"Credit Card";417
418;16.25;"2024-02-16 09:29:00";"Mobile Payment";418
419;24.13;"2024-02-16 10:21:00";"Debit Card";419
420;72.34;"2024-02-16 11:26:00";"Credit Card";420
421;13.55;"2024-02-16 11:57:00";"Debit Card";421
423;72.14;"2024-02-16 12:27:00";"Mobile Payment";423
424;42.75;"2024-02-16 14:29:00";"Credit Card";424
426;32.07;"2024-02-16 14:29:00";"Cash";426
427;23.31;"2024-02-16 16:18:00";"Mobile Payment";427
428;72.35;"2024-02-16 17:04:00";"Mobile Payment";428
429;58.84;"2024-02-16 18:52:00";"Mobile Payment";429
430;86.15;"2024-02-16 20:11:00";"Credit Card";430
431;71.2;"2024-02-16 20:29:00";"Credit Card";431
432;77.43;"2024-02-16 21:28:00";"Credit Card";432
433;29.02;"2024-02-16 22:38:00";"Cash";433
434;46.33;"2024-02-17 23:41:00";"Mobile Payment";434
436;15.15;"2024-02-19 01:14:00";"Mobile Payment";436
437;69.64;"2024-02-19 02:26:00";"Credit Card";437
438;61.06;"2024-02-19 03:51:00";"Credit Card";438
439;20.36;"2024-02-19 06:13:00";"Cash";439
440;78.08;"2024-02-19 07:35:00";"Cash";440
441;17.19;"2024-02-19 09:38:00";"Credit Card";441
442;18.01;"2024-02-19 10:35:00";"Cash";442
443;64.81;"2024-02-19 12:02:00";"Mobile Payment";443
444;57.3;"2024-02-19 13:05:00";"Mobile Payment";444
445;71.86;"2024-02-19 13:53:00";"Cash";445
446;81.11;"2024-02-19 14:14:00";"Mobile Payment";446
447;44.48;"2024-02-19 15:27:00";"Credit Card";447
448;87.66;"2024-02-19 16:34:00";"Debit Card";448
450;90.66;"2024-02-19 17:32:00";"Debit Card";450
451;30.82;"2024-02-19 18:42:00";"Credit Card";451
452;46.12;"2024-02-19 20:22:00";"Mobile Payment";452
453;30.34;"2024-02-19 21:44:00";"Debit Card";453
454;45.19;"2024-02-19 22:02:00";"Mobile Payment";454
455;28.49;"2024-02-19 22:09:00";"Debit Card";455
456;90.02;"2024-02-19 23:42:00";"Debit Card";456
457;29.18;"2024-02-20 23:54:00";"Debit Card";457
458;20.52;"2024-02-22 00:14:00";"Credit Card";458
460;64.06;"2024-02-23 01:17:00";"Cash";460
461;95.51;"2024-02-23 03:08:00";"Mobile Payment";461
464;68.84;"2024-02-23 06:00:00";"Credit Card";464
465;26.73;"2024-02-23 06:23:00";"Mobile Payment";465
466;37.23;"2024-02-23 05:46:00";"Credit Card";466
468;67.06;"2024-02-23 08:32:00";"Debit Card";468
469;30.81;"2024-02-23 10:07:00";"Cash";469
470;26.05;"2024-02-23 11:01:00";"Mobile Payment";470
471;42.38;"2024-02-23 12:05:00";"Debit Card";471
472;47.06;"2024-02-23 13:24:00";"Mobile Payment";472
473;74.75;"2024-02-23 14:51:00";"Mobile Payment";473
474;13.56;"2024-02-23 16:19:00";"Mobile Payment";474
475;78.84;"2024-02-23 17:03:00";"Mobile Payment";475
476;58.77;"2024-02-23 18:20:00";"Debit Card";476
478;60.1;"2024-02-23 20:31:00";"Mobile Payment";478
479;79.48;"2024-02-23 21:59:00";"Mobile Payment";479
481;98.89;"2024-02-23 23:08:00";"Mobile Payment";481
482;97.91;"2024-02-24 23:54:00";"Debit Card";482
483;26.98;"2024-02-25 01:30:00";"Debit Card";483
484;91.11;"2024-02-25 03:11:00";"Credit Card";484
485;87.04;"2024-02-25 03:31:00";"Credit Card";485
486;49.7;"2024-02-25 05:20:00";"Credit Card";486
487;34.21;"2024-02-25 06:46:00";"Debit Card";487
488;39.17;"2024-02-25 08:00:00";"Cash";488
489;42.92;"2024-02-25 09:47:00";"Cash";489
490;77.74;"2024-02-25 10:48:00";"Debit Card";490
491;16.87;"2024-02-25 11:29:00";"Cash";491
492;24.48;"2024-02-25 12:42:00";"Debit Card";492
493;82.49;"2024-02-25 14:30:00";"Mobile Payment";493
494;87.72;"2024-02-25 15:47:00";"Credit Card";494
495;90.39;"2024-02-25 16:08:00";"Cash";495
496;27.38;"2024-02-25 16:28:00";"Mobile Payment";496
497;27.4;"2024-02-25 18:55:00";"Mobile Payment";497
498;71.25;"2024-02-25 18:22:00";"Credit Card";498
499;26.93;"2024-02-25 19:19:00";"Debit Card";499
500;17.14;"2024-02-25 20:02:00";"Cash";500
502;54.57;"2024-02-25 23:17:00";"Mobile Payment";502
503;33.23;"2024-02-27 00:14:00";"Credit Card";503
504;89.5;"2024-02-28 00:00:00";"Credit Card";504
506;15.39;"2024-02-28 02:57:00";"Mobile Payment";506
507;32.53;"2024-02-28 03:36:00";"Debit Card";507
508;29.55;"2024-02-28 04:38:00";"Debit Card";508
509;33.45;"2024-02-28 06:03:00";"Mobile Payment";509
510;89.43;"2024-02-28 07:13:00";"Cash";510
511;32.14;"2024-02-28 08:55:00";"Mobile Payment";511
512;26.05;"2024-02-28 10:50:00";"Cash";512
513;49.14;"2024-02-28 11:37:00";"Cash";513
514;64.43;"2024-02-28 13:03:00";"Debit Card";514
515;78.98;"2024-02-28 13:41:00";"Debit Card";515
516;59.32;"2024-02-28 15:39:00";"Credit Card";516
517;45.95;"2024-02-28 17:31:00";"Debit Card";517
518;91.83;"2024-02-28 17:19:00";"Debit Card";518
519;48.66;"2024-02-28 17:51:00";"Credit Card";519
520;28.68;"2024-02-28 18:35:00";"Debit Card";520
521;92.19;"2024-02-28 19:23:00";"Debit Card";521
522;54.09;"2024-02-28 20:49:00";"Credit Card";522
523;41.32;"2024-02-28 21:04:00";"Credit Card";523
526;96.73;"2024-02-28 23:05:00";"Debit Card";526
527;12.69;"2024-02-29 23:23:00";"Debit Card";527
528;68.33;"2024-03-01 00:46:00";"Credit Card";528
529;81.63;"2024-03-01 02:52:00";"Mobile Payment";529
530;85.31;"2024-03-01 03:47:00";"Mobile Payment";530
531;54.13;"2024-03-01 03:24:00";"Debit Card";531
532;25.92;"2024-03-01 04:08:00";"Cash";532
535;66.46;"2024-03-01 08:07:00";"Debit Card";535
536;65.38;"2024-03-01 08:46:00";"Credit Card";536
537;37.89;"2024-03-01 10:57:00";"Cash";537
538;28.88;"2024-03-01 11:56:00";"Mobile Payment";538
539;32.71;"2024-03-01 13:22:00";"Cash";539
540;48.54;"2024-03-01 13:17:00";"Cash";540
541;66.62;"2024-03-01 15:19:00";"Debit Card";541
542;41.6;"2024-03-01 15:38:00";"Cash";542
543;74.49;"2024-03-01 17:10:00";"Cash";543
545;68.63;"2024-03-01 19:18:00";"Debit Card";545
546;27.02;"2024-03-01 20:14:00";"Credit Card";546
547;44.03;"2024-03-01 20:28:00";"Credit Card";547
548;32.68;"2024-03-01 21:19:00";"Mobile Payment";548
549;36.37;"2024-03-01 23:22:00";"Cash";549
550;74.65;"2024-03-02 23:57:00";"Mobile Payment";550
552;76.51;"2024-03-03 01:24:00";"Debit Card";552
553;90.07;"2024-03-03 01:57:00";"Cash";553
555;55.25;"2024-03-03 05:37:00";"Mobile Payment";555
556;87.91;"2024-03-03 05:57:00";"Debit Card";556
557;36.21;"2024-03-03 08:04:00";"Cash";557
558;65.63;"2024-03-03 07:25:00";"Mobile Payment";558
559;37.99;"2024-03-03 09:59:00";"Credit Card";559
560;37.98;"2024-03-03 11:27:00";"Credit Card";560
561;33.64;"2024-03-03 12:28:00";"Cash";561
562;24.97;"2024-03-03 12:40:00";"Cash";562
563;97.32;"2024-03-03 13:43:00";"Credit Card";563
564;47.91;"2024-03-03 13:51:00";"Mobile Payment";564
565;27.92;"2024-03-03 15:12:00";"Debit Card";565
566;79.47;"2024-03-03 16:54:00";"Debit Card";566
567;44.85;"2024-03-03 17:33:00";"Credit Card";567
568;81.92;"2024-03-03 18:51:00";"Cash";568
569;55.74;"2024-03-03 20:28:00";"Debit Card";569
570;97.82;"2024-03-03 22:29:00";"Debit Card";570
571;41.77;"2024-03-03 22:43:00";"Cash";571
572;39.73;"2024-03-03 23:42:00";"Credit Card";572
573;79.93;"2024-03-04 23:47:00";"Mobile Payment";573
574;87.9;"2024-03-05 01:18:00";"Mobile Payment";574
575;83.14;"2024-03-05 03:17:00";"Mobile Payment";575
576;65.13;"2024-03-05 03:57:00";"Mobile Payment";576
578;43.34;"2024-03-05 04:05:00";"Credit Card";578
579;84.26;"2024-03-05 04:39:00";"Credit Card";579
580;48.18;"2024-03-05 06:18:00";"Debit Card";580
581;94.38;"2024-03-05 07:16:00";"Debit Card";581
582;26.34;"2024-03-05 07:28:00";"Mobile Payment";582
583;25.27;"2024-03-05 08:37:00";"Credit Card";583
585;81.95;"2024-03-05 10:45:00";"Credit Card";585
586;64.37;"2024-03-05 11:00:00";"Cash";586
587;51.49;"2024-03-05 12:07:00";"Mobile Payment";587
588;53.43;"2024-03-05 13:33:00";"Debit Card";588
589;30.09;"2024-03-05 14:01:00";"Cash";589
590;90.82;"2024-03-05 14:58:00";"Debit Card";590
591;62.46;"2024-03-05 16:28:00";"Credit Card";591
592;42.56;"2024-03-05 16:32:00";"Debit Card";592
593;90.54;"2024-03-05 17:38:00";"Credit Card";593
594;95.1;"2024-03-05 19:13:00";"Debit Card";594
595;79.34;"2024-03-05 20:21:00";"Credit Card";595
596;57.85;"2024-03-05 20:21:00";"Credit Card";596
597;93.09;"2024-03-05 21:37:00";"Credit Card";597
598;31.52;"2024-03-05 23:14:00";"Mobile Payment";598
599;28.93;"2024-03-06 01:05:00";"Credit Card";599
600;42.95;"2024-03-06 02:54:00";"Cash";600
601;18.15;"2024-03-06 04:15:00";"Cash";601
602;71.53;"2024-03-06 06:10:00";"Mobile Payment";602
603;42.01;"2024-03-06 07:33:00";"Mobile Payment";603
604;46.89;"2024-03-06 09:24:00";"Credit Card";604
605;68.9;"2024-03-06 10:10:00";"Cash";605
608;81.4;"2024-03-06 13:03:00";"Mobile Payment";608
609;70.71;"2024-03-06 13:15:00";"Cash";609
610;88.05;"2024-03-06 13:53:00";"Cash";610
611;58.27;"2024-03-06 14:36:00";"Credit Card";611
612;28.41;"2024-03-06 16:28:00";"Debit Card";612
613;39.89;"2024-03-06 17:31:00";"Cash";613
614;58.99;"2024-03-06 17:21:00";"Mobile Payment";614
615;56.14;"2024-03-06 18:42:00";"Mobile Payment";615
616;41.1;"2024-03-06 20:13:00";"Debit Card";616
617;28.92;"2024-03-06 21:23:00";"Cash";617
618;82.64;"2024-03-06 21:17:00";"Credit Card";618
619;23.64;"2024-03-06 23:43:00";"Debit Card";619
620;22.35;"2024-03-07 00:55:00";"Cash";620
621;64.35;"2024-03-07 02:11:00";"Credit Card";621
623;59.09;"2024-03-07 04:04:00";"Credit Card";623
624;65.07;"2024-03-07 05:30:00";"Mobile Payment";624
625;64.34;"2024-03-07 05:36:00";"Cash";625
626;31.59;"2024-03-07 07:42:00";"Debit Card";626
627;45.15;"2024-03-07 07:18:00";"Debit Card";627
628;97.53;"2024-03-07 08:37:00";"Credit Card";628
629;83.33;"2024-03-07 09:48:00";"Cash";629
630;76.66;"2024-03-07 11:18:00";"Cash";630
631;31.62;"2024-03-07 12:43:00";"Mobile Payment";631
632;93.01;"2024-03-07 15:05:00";"Mobile Payment";632
633;80.58;"2024-03-07 14:56:00";"Debit Card";633
634;84.46;"2024-03-07 15:57:00";"Cash";634
635;87.85;"2024-03-07 16:36:00";"Mobile Payment";635
636;93.8;"2024-03-07 17:53:00";"Debit Card";636
637;46.57;"2024-03-07 19:18:00";"Mobile Payment";637
638;59.11;"2024-03-07 20:01:00";"Mobile Payment";638
639;62.19;"2024-03-07 20:56:00";"Credit Card";639
640;25.74;"2024-03-07 22:05:00";"Debit Card";640
641;97.28;"2024-03-09 00:11:00";"Credit Card";641
642;60.94;"2024-03-09 23:31:00";"Debit Card";642
643;56.99;"2024-03-11 00:10:00";"Debit Card";643
644;21.8;"2024-03-12 00:05:00";"Debit Card";644
645;77.46;"2024-03-12 01:07:00";"Cash";645
646;23.76;"2024-03-12 01:52:00";"Mobile Payment";646
647;91.45;"2024-03-12 02:06:00";"Mobile Payment";647
648;76.1;"2024-03-12 04:09:00";"Debit Card";648
649;97.52;"2024-03-12 05:21:00";"Mobile Payment";649
650;18.62;"2024-03-12 07:59:00";"Cash";650
651;53.67;"2024-03-12 08:14:00";"Credit Card";651
652;42.09;"2024-03-12 11:00:00";"Cash";652
653;79.52;"2024-03-12 10:46:00";"Cash";653
654;97.79;"2024-03-12 10:29:00";"Mobile Payment";654
655;71.68;"2024-03-12 11:21:00";"Credit Card";655
656;35.43;"2024-03-12 13:25:00";"Credit Card";656
657;64.99;"2024-03-12 15:18:00";"Credit Card";657
658;54.67;"2024-03-12 16:19:00";"Mobile Payment";658
659;57.34;"2024-03-12 17:46:00";"Debit Card";659
660;38.84;"2024-03-12 18:30:00";"Mobile Payment";660
661;51.42;"2024-03-12 18:32:00";"Debit Card";661
662;30.84;"2024-03-12 19:48:00";"Mobile Payment";662
663;95.62;"2024-03-12 20:37:00";"Mobile Payment";663
664;42.28;"2024-03-12 21:01:00";"Debit Card";664
665;96.32;"2024-03-12 21:43:00";"Credit Card";665
666;89.29;"2024-03-12 22:13:00";"Credit Card";666
667;49.98;"2024-03-12 23:00:00";"Debit Card";667
668;15.93;"2024-03-14 00:15:00";"Credit Card";668
669;86.11;"2024-03-14 00:37:00";"Credit Card";669
670;36.3;"2024-03-14 01:52:00";"Mobile Payment";670
671;91.13;"2024-03-14 03:06:00";"Credit Card";671
672;11.78;"2024-03-14 04:09:00";"Mobile Payment";672
673;40.03;"2024-03-14 04:34:00";"Mobile Payment";673
674;24.71;"2024-03-14 06:09:00";"Mobile Payment";674
675;61.78;"2024-03-14 07:39:00";"Cash";675
677;48.23;"2024-03-14 10:13:00";"Credit Card";677
678;36.78;"2024-03-14 12:01:00";"Debit Card";678
679;74.45;"2024-03-14 12:54:00";"Mobile Payment";679
680;47.53;"2024-03-14 14:03:00";"Mobile Payment";680
681;36.82;"2024-03-14 14:31:00";"Mobile Payment";681
682;67.86;"2024-03-14 15:22:00";"Debit Card";682
683;90.81;"2024-03-14 17:03:00";"Cash";683
684;61.01;"2024-03-14 17:23:00";"Credit Card";684
685;61.79;"2024-03-14 17:02:00";"Debit Card";685
686;16.51;"2024-03-14 18:42:00";"Debit Card";686
687;23.23;"2024-03-14 20:18:00";"Debit Card";687
689;13.23;"2024-03-14 22:29:00";"Debit Card";689
690;64.66;"2024-03-16 00:08:00";"Mobile Payment";690
691;17.07;"2024-03-16 23:42:00";"Mobile Payment";691
692;67.15;"2024-03-17 23:31:00";"Credit Card";692
693;45.08;"2024-03-19 00:08:00";"Mobile Payment";693
694;51.66;"2024-03-19 01:22:00";"Mobile Payment";694
695;45.22;"2024-03-19 01:49:00";"Cash";695
696;98.91;"2024-03-19 03:05:00";"Debit Card";696
697;33.97;"2024-03-19 03:16:00";"Credit Card";697
698;29.14;"2024-03-19 04:06:00";"Mobile Payment";698
699;22.39;"2024-03-19 04:45:00";"Mobile Payment";699
700;12.72;"2024-03-19 05:45:00";"Credit Card";700
701;66.58;"2024-03-19 07:26:00";"Credit Card";701
702;43.27;"2024-03-19 07:31:00";"Cash";702
703;39.17;"2024-03-19 09:18:00";"Credit Card";703
704;53.61;"2024-03-19 10:29:00";"Credit Card";704
705;84.25;"2024-03-19 12:07:00";"Debit Card";705
707;33.38;"2024-03-19 13:43:00";"Debit Card";707
708;26.7;"2024-03-19 14:43:00";"Debit Card";708
709;30.14;"2024-03-19 15:35:00";"Credit Card";709
710;73.81;"2024-03-19 16:07:00";"Debit Card";710
711;93.54;"2024-03-19 17:44:00";"Cash";711
712;96.86;"2024-03-19 18:44:00";"Debit Card";712
713;78.43;"2024-03-19 19:22:00";"Cash";713
714;93.45;"2024-03-19 21:35:00";"Debit Card";714
715;88.86;"2024-03-19 22:42:00";"Mobile Payment";715
716;68.55;"2024-03-19 22:25:00";"Debit Card";716
717;34.1;"2024-03-20 23:36:00";"Debit Card";717
719;40.99;"2024-03-22 01:27:00";"Mobile Payment";719
720;70.55;"2024-03-22 02:49:00";"Cash";720
721;22.52;"2024-03-22 03:32:00";"Mobile Payment";721
722;32.79;"2024-03-22 04:01:00";"Credit Card";722
724;71.56;"2024-03-22 05:33:00";"Cash";724
725;53.29;"2024-03-22 06:34:00";"Credit Card";725
726;56.19;"2024-03-22 07:54:00";"Credit Card";726
727;77.34;"2024-03-22 09:17:00";"Mobile Payment";727
728;21.11;"2024-03-22 09:57:00";"Credit Card";728
729;74.52;"2024-03-22 10:32:00";"Mobile Payment";729
730;76.58;"2024-03-22 10:23:00";"Cash";730
731;32.29;"2024-03-22 12:01:00";"Debit Card";731
732;79.95;"2024-03-22 13:27:00";"Cash";732
733;14.31;"2024-03-22 14:04:00";"Mobile Payment";733
734;38.68;"2024-03-22 15:12:00";"Debit Card";734
735;64.36;"2024-03-22 17:18:00";"Credit Card";735
736;22.24;"2024-03-22 18:20:00";"Debit Card";736
737;33.49;"2024-03-22 19:33:00";"Credit Card";737
738;12.05;"2024-03-22 21:42:00";"Debit Card";738
739;90.45;"2024-03-22 21:18:00";"Mobile Payment";739
740;90.85;"2024-03-22 22:19:00";"Mobile Payment";740
741;28.48;"2024-03-24 00:18:00";"Debit Card";741
742;59.98;"2024-03-24 23:29:00";"Debit Card";742
743;40.69;"2024-03-25 23:59:00";"Cash";743
745;26.08;"2024-03-27 01:37:00";"Cash";745
746;73.9;"2024-03-27 02:21:00";"Credit Card";746
747;25.24;"2024-03-27 03:23:00";"Debit Card";747
748;86.54;"2024-03-27 03:12:00";"Debit Card";748
749;70.56;"2024-03-27 04:23:00";"Mobile Payment";749
750;36.43;"2024-03-27 05:43:00";"Cash";750
751;74.22;"2024-03-27 07:08:00";"Debit Card";751
752;17.73;"2024-03-27 09:13:00";"Mobile Payment";752
753;80.69;"2024-03-27 09:16:00";"Credit Card";753
754;68.8;"2024-03-27 09:57:00";"Cash";754
755;61.45;"2024-03-27 11:11:00";"Credit Card";755
756;28.85;"2024-03-27 13:06:00";"Cash";756
757;84.04;"2024-03-27 12:31:00";"Mobile Payment";757
758;93.67;"2024-03-27 13:12:00";"Credit Card";758
759;63.32;"2024-03-27 14:41:00";"Cash";759
760;68.66;"2024-03-27 15:19:00";"Mobile Payment";760
761;92.89;"2024-03-27 14:45:00";"Credit Card";761
762;64.36;"2024-03-27 16:47:00";"Cash";762
763;87.35;"2024-03-27 17:51:00";"Credit Card";763
764;69.95;"2024-03-27 18:48:00";"Debit Card";764
765;45.62;"2024-03-27 19:44:00";"Cash";765
766;47.85;"2024-03-27 20:50:00";"Mobile Payment";766
767;75.31;"2024-03-27 21:12:00";"Credit Card";767
768;64.79;"2024-03-27 23:30:00";"Mobile Payment";768
769;75.17;"2024-03-28 01:07:00";"Debit Card";769
770;15.76;"2024-03-28 02:36:00";"Debit Card";770
771;23.68;"2024-03-28 03:52:00";"Cash";771
772;56.49;"2024-03-28 05:04:00";"Credit Card";772
773;25.77;"2024-03-28 05:50:00";"Cash";773
774;74.63;"2024-03-28 07:24:00";"Credit Card";774
775;10.11;"2024-03-28 08:59:00";"Mobile Payment";775
776;24.88;"2024-03-28 09:26:00";"Cash";776
777;92.55;"2024-03-28 10:24:00";"Credit Card";777
778;18.9;"2024-03-28 11:43:00";"Credit Card";778
779;37.51;"2024-03-28 11:51:00";"Credit Card";779
780;42.99;"2024-03-28 13:10:00";"Mobile Payment";780
781;36.65;"2024-03-28 14:36:00";"Credit Card";781
782;60.29;"2024-03-28 15:21:00";"Cash";782
783;37.99;"2024-03-28 15:54:00";"Credit Card";783
784;36.04;"2024-03-28 17:54:00";"Cash";784
785;66.98;"2024-03-28 19:39:00";"Debit Card";785
786;43.22;"2024-03-28 20:14:00";"Debit Card";786
787;30.64;"2024-03-28 21:23:00";"Mobile Payment";787
788;63.83;"2024-03-28 21:39:00";"Credit Card";788
789;34.06;"2024-03-28 23:14:00";"Mobile Payment";789
790;22.73;"2024-03-28 22:46:00";"Credit Card";790
791;66.37;"2024-03-30 00:17:00";"Mobile Payment";791
792;64.91;"2024-03-30 01:56:00";"Cash";792
793;24.05;"2024-03-30 02:40:00";"Credit Card";793
794;21.1;"2024-03-30 04:14:00";"Mobile Payment";794
795;23.44;"2024-03-30 04:49:00";"Mobile Payment";795
796;43.93;"2024-03-30 06:23:00";"Debit Card";796
798;19.42;"2024-03-30 08:07:00";"Credit Card";798
799;56.09;"2024-03-30 09:14:00";"Debit Card";799
802;59.48;"2024-03-30 11:03:00";"Debit Card";802
804;59.16;"2024-03-30 14:41:00";"Credit Card";804
805;67.25;"2024-03-30 15:42:00";"Cash";805
806;31.93;"2024-03-30 17:31:00";"Debit Card";806
807;64.84;"2024-03-30 19:50:00";"Mobile Payment";807
809;26.55;"2024-03-30 22:14:00";"Mobile Payment";809
810;72.43;"2024-03-30 23:07:00";"Credit Card";810
811;91.85;"2024-03-31 23:58:00";"Cash";811
812;22.62;"2024-04-01 01:40:00";"Mobile Payment";812
813;13.08;"2024-04-01 03:00:00";"Credit Card";813
814;12.7;"2024-04-01 05:41:00";"Credit Card";814
815;50.06;"2024-04-01 05:36:00";"Debit Card";815
816;45.09;"2024-04-01 06:29:00";"Credit Card";816
817;63.35;"2024-04-01 08:01:00";"Cash";817
818;43.32;"2024-04-01 08:38:00";"Cash";818
820;92.83;"2024-04-01 11:49:00";"Mobile Payment";820
822;96.31;"2024-04-01 13:28:00";"Credit Card";822
823;50.54;"2024-04-01 15:03:00";"Mobile Payment";823
824;22.81;"2024-04-01 16:39:00";"Cash";824
825;15.48;"2024-04-01 16:56:00";"Mobile Payment";825
826;43.66;"2024-04-01 18:05:00";"Mobile Payment";826
827;16.7;"2024-04-01 19:21:00";"Debit Card";827
828;82.64;"2024-04-01 20:48:00";"Mobile Payment";828
829;75.96;"2024-04-01 22:22:00";"Cash";829
830;65.63;"2024-04-01 23:21:00";"Mobile Payment";830
831;23.58;"2024-04-02 01:34:00";"Mobile Payment";831
832;68.87;"2024-04-02 02:57:00";"Debit Card";832
833;70.61;"2024-04-02 05:11:00";"Mobile Payment";833
834;78.74;"2024-04-02 05:43:00";"Cash";834
835;45.27;"2024-04-02 07:29:00";"Debit Card";835
836;32.07;"2024-04-02 08:23:00";"Cash";836
837;70.78;"2024-04-02 09:05:00";"Debit Card";837
838;46.55;"2024-04-02 09:12:00";"Credit Card";838
839;93.99;"2024-04-02 09:59:00";"Mobile Payment";839
841;61.03;"2024-04-02 10:30:00";"Mobile Payment";841
842;70.95;"2024-04-02 11:54:00";"Cash";842
843;67.13;"2024-04-02 11:55:00";"Credit Card";843
844;27.3;"2024-04-02 13:29:00";"Mobile Payment";844
845;42.92;"2024-04-02 13:46:00";"Mobile Payment";845
846;80.23;"2024-04-02 13:34:00";"Credit Card";846
847;77.29;"2024-04-02 13:44:00";"Debit Card";847
848;38.86;"2024-04-02 15:14:00";"Debit Card";848
849;32.54;"2024-04-02 16:23:00";"Debit Card";849
850;77.12;"2024-04-02 17:06:00";"Mobile Payment";850
851;31.44;"2024-04-02 17:56:00";"Debit Card";851
852;45.53;"2024-04-02 17:37:00";"Debit Card";852
853;27.64;"2024-04-02 18:15:00";"Cash";853
854;56.48;"2024-04-02 19:30:00";"Mobile Payment";854
855;78.97;"2024-04-02 20:15:00";"Credit Card";855
856;19.3;"2024-04-02 21:33:00";"Mobile Payment";856
857;82.77;"2024-04-02 22:35:00";"Credit Card";857
858;63.0;"2024-04-04 00:04:00";"Debit Card";858
859;43.27;"2024-04-04 01:39:00";"Debit Card";859
860;71.89;"2024-04-04 02:39:00";"Credit Card";860
861;56.47;"2024-04-04 03:19:00";"Mobile Payment";861
862;68.94;"2024-04-04 03:07:00";"Cash";862
863;45.5;"2024-04-04 03:45:00";"Debit Card";863
864;41.46;"2024-04-04 04:43:00";"Debit Card";864
865;82.3;"2024-04-04 04:59:00";"Mobile Payment";865
867;96.62;"2024-04-04 06:14:00";"Debit Card";867
868;62.72;"2024-04-04 08:09:00";"Credit Card";868
869;12.26;"2024-04-04 09:05:00";"Cash";869
870;13.15;"2024-04-04 10:20:00";"Debit Card";870
871;31.7;"2024-04-04 12:01:00";"Cash";871
872;66.32;"2024-04-04 14:10:00";"Debit Card";872
873;28.64;"2024-04-04 14:28:00";"Credit Card";873
874;57.89;"2024-04-04 16:05:00";"Cash";874
875;28.58;"2024-04-04 16:16:00";"Mobile Payment";875
876;62.6;"2024-04-04 18:25:00";"Debit Card";876
877;54.75;"2024-04-04 20:32:00";"Credit Card";877
878;34.52;"2024-04-04 21:44:00";"Credit Card";878
879;10.41;"2024-04-04 22:08:00";"Debit Card";879
880;94.34;"2024-04-04 22:33:00";"Credit Card";880
881;83.16;"2024-04-04 23:21:00";"Mobile Payment";881
882;99.13;"2024-04-05 00:53:00";"Credit Card";882
883;66.81;"2024-04-05 01:28:00";"Credit Card";883
884;10.64;"2024-04-05 01:58:00";"Mobile Payment";884
885;27.09;"2024-04-05 03:14:00";"Credit Card";885
886;58.62;"2024-04-05 03:18:00";"Cash";886
887;92.69;"2024-04-05 05:10:00";"Credit Card";887
888;73.47;"2024-04-05 04:35:00";"Credit Card";888
889;16.87;"2024-04-05 05:59:00";"Mobile Payment";889
890;13.59;"2024-04-05 05:30:00";"Cash";890
891;65.52;"2024-04-05 07:23:00";"Debit Card";891
892;36.7;"2024-04-05 08:15:00";"Credit Card";892
893;14.22;"2024-04-05 10:23:00";"Mobile Payment";893
894;12.18;"2024-04-05 12:11:00";"Mobile Payment";894
895;73.4;"2024-04-05 11:40:00";"Mobile Payment";895
896;31.72;"2024-04-05 13:06:00";"Debit Card";896
897;80.8;"2024-04-05 14:22:00";"Credit Card";897
898;42.5;"2024-04-05 16:23:00";"Mobile Payment";898
902;24.76;"2024-04-05 18:35:00";"Mobile Payment";902
903;93.42;"2024-04-05 20:21:00";"Debit Card";903
904;46.71;"2024-04-05 21:44:00";"Cash";904
905;19.25;"2024-04-05 23:53:00";"Debit Card";905
906;74.36;"2024-04-07 00:01:00";"Cash";906
907;23.8;"2024-04-07 01:39:00";"Credit Card";907
908;51.02;"2024-04-07 02:06:00";"Credit Card";908
910;43.43;"2024-04-07 03:04:00";"Debit Card";910
911;36.18;"2024-04-07 02:36:00";"Credit Card";911
912;52.81;"2024-04-07 04:47:00";"Cash";912
914;33.74;"2024-04-07 06:03:00";"Debit Card";914
915;73.42;"2024-04-07 07:15:00";"Debit Card";915
916;82.82;"2024-04-07 09:21:00";"Mobile Payment";916
917;61.39;"2024-04-07 10:52:00";"Cash";917
918;40.74;"2024-04-07 11:23:00";"Credit Card";918
919;40.05;"2024-04-07 12:57:00";"Debit Card";919
920;38.38;"2024-04-07 14:09:00";"Credit Card";920
921;97.92;"2024-04-07 14:29:00";"Debit Card";921
922;20.34;"2024-04-07 15:12:00";"Debit Card";922
923;67.06;"2024-04-07 15:15:00";"Debit Card";923
924;65.36;"2024-04-07 16:44:00";"Debit Card";924
925;40.96;"2024-04-07 18:51:00";"Mobile Payment";925
926;35.12;"2024-04-07 19:47:00";"Debit Card";926
927;30.11;"2024-04-07 19:54:00";"Cash";927
928;70.54;"2024-04-07 20:31:00";"Debit Card";928
929;48.87;"2024-04-07 22:56:00";"Mobile Payment";929
930;12.1;"2024-04-07 22:46:00";"Cash";930
931;55.05;"2024-04-08 01:19:00";"Debit Card";931
932;66.14;"2024-04-08 01:48:00";"Debit Card";932
933;42.43;"2024-04-08 02:36:00";"Cash";933
934;38.82;"2024-04-08 03:02:00";"Credit Card";934
935;55.28;"2024-04-08 04:28:00";"Cash";935
936;16.61;"2024-04-08 05:05:00";"Debit Card";936
937;99.93;"2024-04-08 05:58:00";"Credit Card";937
938;92.05;"2024-04-08 07:09:00";"Credit Card";938
939;84.28;"2024-04-08 08:37:00";"Cash";939
941;85.76;"2024-04-08 10:39:00";"Debit Card";941
943;65.49;"2024-04-08 12:35:00";"Debit Card";943
944;30.29;"2024-04-08 14:47:00";"Mobile Payment";944
945;50.16;"2024-04-08 14:47:00";"Credit Card";945
946;12.09;"2024-04-08 15:22:00";"Credit Card";946
947;53.9;"2024-04-08 17:15:00";"Cash";947
948;84.37;"2024-04-08 18:41:00";"Mobile Payment";948
949;20.19;"2024-04-08 19:38:00";"Credit Card";949
950;89.8;"2024-04-08 21:11:00";"Cash";950
951;70.73;"2024-04-08 22:18:00";"Mobile Payment";951
952;35.38;"2024-04-09 23:30:00";"Mobile Payment";952
953;15.05;"2024-04-10 00:30:00";"Mobile Payment";953
954;96.61;"2024-04-10 02:16:00";"Mobile Payment";954
955;30.99;"2024-04-10 03:03:00";"Credit Card";955
956;78.87;"2024-04-10 02:45:00";"Debit Card";956
957;63.83;"2024-04-10 03:00:00";"Debit Card";957
958;12.76;"2024-04-10 03:22:00";"Debit Card";958
959;66.15;"2024-04-10 03:51:00";"Mobile Payment";959
960;25.71;"2024-04-10 03:46:00";"Credit Card";960
961;18.74;"2024-04-10 04:53:00";"Debit Card";961
962;44.73;"2024-04-10 05:19:00";"Credit Card";962
963;33.84;"2024-04-10 07:08:00";"Credit Card";963
964;90.58;"2024-04-10 08:58:00";"Credit Card";964
965;74.1;"2024-04-10 08:47:00";"Cash";965
966;45.72;"2024-04-10 08:59:00";"Debit Card";966
967;98.98;"2024-04-10 10:19:00";"Mobile Payment";967
968;23.58;"2024-04-10 10:55:00";"Cash";968
969;66.53;"2024-04-10 12:24:00";"Credit Card";969
970;95.37;"2024-04-10 13:22:00";"Mobile Payment";970
971;39.53;"2024-04-10 15:36:00";"Mobile Payment";971
972;17.34;"2024-04-10 16:23:00";"Cash";972
973;52.96;"2024-04-10 17:51:00";"Credit Card";973
974;22.69;"2024-04-10 18:23:00";"Cash";974
975;70.18;"2024-04-10 19:05:00";"Credit Card";975
977;56.69;"2024-04-10 20:14:00";"Debit Card";977
978;88.19;"2024-04-10 20:03:00";"Credit Card";978
979;65.15;"2024-04-10 20:54:00";"Mobile Payment";979
980;21.17;"2024-04-10 22:12:00";"Mobile Payment";980
981;35.06;"2024-04-11 00:07:00";"Mobile Payment";981
982;80.3;"2024-04-11 23:25:00";"Cash";982
983;51.1;"2024-04-12 01:13:00";"Mobile Payment";983
984;80.18;"2024-04-12 02:31:00";"Credit Card";984
985;88.8;"2024-04-12 03:10:00";"Cash";985
986;34.52;"2024-04-12 05:13:00";"Cash";986
987;66.3;"2024-04-12 05:09:00";"Credit Card";987
988;39.98;"2024-04-12 07:42:00";"Debit Card";988
989;46.35;"2024-04-12 08:13:00";"Credit Card";989
990;87.26;"2024-04-12 08:35:00";"Credit Card";990
991;43.46;"2024-04-12 09:50:00";"Cash";991
992;91.1;"2024-04-12 09:48:00";"Cash";992
993;11.87;"2024-04-12 10:44:00";"Cash";993
994;76.31;"2024-04-12 11:23:00";"Mobile Payment";994
995;13.21;"2024-04-12 13:11:00";"Mobile Payment";995
996;64.19;"2024-04-12 13:53:00";"Cash";996
997;35.04;"2024-04-12 14:57:00";"Cash";997
998;17.65;"2024-04-12 16:17:00";"Mobile Payment";998
999;22.96;"2024-04-12 17:09:00";"Cash";999
