"OrderID";"OrderDatetime";"CustomerID";"StaffID";"TableNumber"
1;"2024-01-01 11:03:00";38;17;13
2;"2024-01-01 12:28:00";67;1;2
3;"2024-01-01 13:51:00";98;26;17
4;"2024-01-01 15:23:00";99;23;15
5;"2024-01-01 15:46:00";21;7;2
6;"2024-01-01 17:41:00";46;7;10
7;"2024-01-01 17:59:00";39;1;13
8;"2024-01-01 18:05:00";62;1;14
9;"2024-01-01 18:42:00";61;21;17
10;"2024-01-01 18:50:00";4;9;13
11;"2024-01-01 20:50:00";99;18;14
12;"2024-01-01 22:32:00";75;13;17
13;"2024-01-02 00:10:00";9;18;8
14;"2024-01-02 01:50:00";95;27;6
15;"2024-01-02 02:37:00";47;16;10
16;"2024-01-02 02:48:00";11;14;1
17;"2024-01-02 03:02:00";79;16;18
18;"2024-01-02 03:16:00";13;15;3
19;"2024-01-02 04:02:00";36;20;6
20;"2024-01-02 04:44:00";6;5;3
21;"2024-01-02 06:22:00";36;15;3
22;"2024-01-02 06:53:00";94;22;5
24;"2024-01-02 08:22:00";52;29;1
25;"2024-01-02 09:06:00";90;14;19
26;"2024-01-02 09:12:00";95;5;19
27;"2024-01-02 10:25:00";99;25;18
28;"2024-01-02 11:05:00";47;27;8
30;"2024-01-02 12:56:00";20;4;10
31;"2024-01-02 13:53:00";55;5;4
32;"2024-01-02 14:44:00";32;2;4
33;"2024-01-02 15:31:00";18;13;8
36;"2024-01-02 17:59:00";19;18;3
37;"2024-01-02 18:53:00";26;12;17
38;"2024-01-02 19:36:00";30;2;17
39;"2024-01-02 21:28:00";96;18;5
40;"2024-01-02 22:39:00";99;12;4
41;"2024-01-02 22:55:00";54;14;18
43;"2024-01-04 22:59:00";52;1;12
44;"2024-01-05 22:59:00";87;1;3
45;"2024-01-06 22:59:00";69;24;18
46;"2024-01-07 22:59:00";37;7;9
47;"2024-01-08 00:50:00";24;8;7
49;"2024-01-08 02:25:00";92;28;5
50;"2024-01-08 02:35:00";5;14;2
51;"2024-01-08 04:11:00";36;18;16
52;"2024-01-08 04:56:00";2;12;12
53;"2024-01-08 05:33:00";73;12;2
54;"2024-01-08 06:40:00";88;1;8
55;"2024-01-08 08:07:00";41;21;8
56;"2024-01-08 09:55:00";56;15;1
57;"2024-01-08 10:28:00";43;14;8
58;"2024-01-08 11:41:00";48;28;14
59;"2024-01-08 12:20:00";65;28;18
60;"2024-01-08 13:42:00";29;8;17
61;"2024-01-08 15:36:00";86;23;14
62;"2024-01-08 16:10:00";44;25;18
63;"2024-01-08 16:50:00";60;20;1
64;"2024-01-08 18:42:00";8;14;3
66;"2024-01-08 20:13:00";4;16;7
68;"2024-01-08 22:30:00";92;1;2
69;"2024-01-09 22:59:00";71;22;11
70;"2024-01-10 00:01:00";60;14;14
71;"2024-01-10 00:20:00";4;2;4
72;"2024-01-10 00:52:00";99;27;16
73;"2024-01-10 02:06:00";40;25;19
74;"2024-01-10 02:16:00";63;2;3
76;"2024-01-10 05:46:00";5;7;1
77;"2024-01-10 07:07:00";95;9;7
79;"2024-01-10 08:56:00";63;13;8
80;"2024-01-10 10:18:00";35;22;4
81;"2024-01-10 10:37:00";97;6;12
82;"2024-01-10 12:14:00";57;25;4
83;"2024-01-10 13:51:00";78;17;10
84;"2024-01-10 15:27:00";56;26;9
85;"2024-01-10 17:08:00";32;13;4
86;"2024-01-10 17:51:00";63;28;7
87;"2024-01-10 18:34:00";3;29;11
88;"2024-01-10 19:04:00";63;12;8
89;"2024-01-10 20:26:00";43;5;3
90;"2024-01-10 21:16:00";31;3;11
91;"2024-01-10 22:18:00";41;3;10
92;"2024-01-11 22:59:00";75;23;1
93;"2024-01-12 00:34:00";10;17;11
94;"2024-01-12 01:58:00";93;22;1
95;"2024-01-12 02:07:00";88;18;7
96;"2024-01-12 03:46:00";91;7;2
97;"2024-01-12 04:11:00";68;1;14
98;"2024-01-12 04:26:00";98;9;5
100;"2024-01-12 05:59:00";86;8;4
101;"2024-01-12 07:43:00";71;4;10
102;"2024-01-12 08:31:00";36;9;1
103;"2024-01-12 09:29:00";30;19;3
104;"2024-01-12 11:21:00";16;20;16
105;"2024-01-12 13:11:00";33;20;2
106;"2024-01-12 13:50:00";87;27;19
107;"2024-01-12 15:32:00";5;29;8
109;"2024-01-12 17:26:00";67;11;8
110;"2024-01-12 19:25:00";48;2;6
111;"2024-01-12 19:59:00";76;27;19
112;"2024-01-12 20:59:00";79;14;7
113;"2024-01-12 22:20:00";63;16;17
114;"2024-01-13 22:59:00";79;7;1
115;"2024-01-14 22:59:00";63;2;11
116;"2024-01-15 00:12:00";98;28;9
117;"2024-01-15 01:06:00";16;18;18
118;"2024-01-15 02:55:00";86;4;5
119;"2024-01-15 03:00:00";11;18;15
120;"2024-01-15 03:58:00";96;11;18
121;"2024-01-15 04:25:00";78;5;11
122;"2024-01-15 05:08:00";52;24;6
123;"2024-01-15 06:02:00";14;10;1
124;"2024-01-15 06:25:00";26;14;1
125;"2024-01-15 07:44:00";77;27;6
126;"2024-01-15 08:35:00";13;26;10
127;"2024-01-15 08:48:00";7;28;1
128;"2024-01-15 09:19:00";88;12;16
129;"2024-01-15 10:46:00";85;6;4
130;"2024-01-15 11:19:00";86;10;7
131;"2024-01-15 12:50:00";61;19;5
132;"2024-01-15 12:56:00";38;23;10
133;"2024-01-15 14:18:00";55;25;15
134;"2024-01-15 14:36:00";25;13;12
135;"2024-01-15 14:49:00";26;15;13
136;"2024-01-15 15:27:00";79;12;8
137;"2024-01-15 16:21:00";17;25;10
138;"2024-01-15 16:39:00";35;29;5
139;"2024-01-15 17:49:00";82;13;18
140;"2024-01-15 19:19:00";22;12;5
141;"2024-01-15 20:34:00";66;4;17
142;"2024-01-15 20:46:00";51;28;12
143;"2024-01-15 22:06:00";47;3;1
144;"2024-01-16 22:59:00";13;15;5
145;"2024-01-17 22:59:00";82;8;5
146;"2024-01-18 00:07:00";91;5;1
147;"2024-01-18 00:53:00";20;2;12
148;"2024-01-18 01:23:00";48;26;15
149;"2024-01-18 01:41:00";83;27;2
150;"2024-01-18 03:32:00";13;22;19
151;"2024-01-18 05:12:00";73;9;7
152;"2024-01-18 06:24:00";39;15;11
153;"2024-01-18 06:44:00";73;6;1
154;"2024-01-18 06:53:00";93;4;6
155;"2024-01-18 07:49:00";78;18;13
156;"2024-01-18 08:52:00";49;17;16
157;"2024-01-18 10:13:00";18;4;16
158;"2024-01-18 10:26:00";80;19;5
160;"2024-01-18 11:32:00";41;19;5
161;"2024-01-18 13:13:00";52;27;3
162;"2024-01-18 14:45:00";67;23;6
163;"2024-01-18 16:05:00";81;18;13
164;"2024-01-18 16:53:00";35;28;11
165;"2024-01-18 17:13:00";36;15;6
166;"2024-01-18 19:02:00";70;8;17
167;"2024-01-18 19:40:00";90;24;15
168;"2024-01-18 21:22:00";75;18;1
169;"2024-01-18 21:31:00";68;3;5
170;"2024-01-18 22:14:00";3;28;16
171;"2024-01-18 22:48:00";93;13;12
172;"2024-01-19 22:59:00";97;13;13
173;"2024-01-20 22:59:00";34;28;5
174;"2024-01-21 00:27:00";52;29;6
175;"2024-01-21 02:14:00";10;27;17
176;"2024-01-21 03:07:00";2;13;13
177;"2024-01-21 04:46:00";47;24;2
178;"2024-01-21 04:56:00";36;17;2
179;"2024-01-21 05:28:00";8;22;15
180;"2024-01-21 05:56:00";94;3;17
181;"2024-01-21 06:09:00";39;22;3
182;"2024-01-21 07:27:00";86;10;18
183;"2024-01-21 08:58:00";63;24;10
184;"2024-01-21 10:23:00";31;2;9
185;"2024-01-21 11:57:00";51;7;9
187;"2024-01-21 14:34:00";97;17;13
188;"2024-01-21 14:46:00";7;24;12
189;"2024-01-21 16:13:00";67;22;16
190;"2024-01-21 18:09:00";25;19;5
191;"2024-01-21 18:36:00";58;20;2
194;"2024-01-21 21:31:00";84;11;9
197;"2024-01-23 00:03:00";45;19;16
198;"2024-01-23 00:16:00";56;1;2
199;"2024-01-23 00:32:00";43;8;4
200;"2024-01-23 02:31:00";20;8;10
202;"2024-01-23 05:42:00";59;14;1
203;"2024-01-23 07:30:00";52;17;1
204;"2024-01-23 09:30:00";24;16;19
205;"2024-01-23 10:24:00";65;7;5
206;"2024-01-23 11:40:00";38;10;15
207;"2024-01-23 11:58:00";11;9;19
208;"2024-01-23 12:14:00";78;9;10
209;"2024-01-23 13:35:00";73;1;4
210;"2024-01-23 14:32:00";40;6;14
211;"2024-01-23 15:38:00";14;18;14
212;"2024-01-23 16:36:00";78;25;12
214;"2024-01-23 19:16:00";78;22;15
215;"2024-01-23 19:45:00";23;12;16
216;"2024-01-23 21:07:00";89;1;15
217;"2024-01-23 21:18:00";47;12;19
218;"2024-01-23 21:27:00";80;20;1
219;"2024-01-24 22:59:00";10;2;6
220;"2024-01-25 00:44:00";73;26;3
222;"2024-01-25 02:39:00";82;28;9
223;"2024-01-25 04:32:00";17;8;18
225;"2024-01-25 06:35:00";24;14;10
226;"2024-01-25 07:00:00";32;21;8
227;"2024-01-25 08:12:00";67;18;16
228;"2024-01-25 09:03:00";54;24;15
229;"2024-01-25 10:47:00";64;22;9
230;"2024-01-25 12:27:00";14;26;6
231;"2024-01-25 12:59:00";38;7;12
232;"2024-01-25 14:26:00";88;7;9
233;"2024-01-25 14:45:00";56;27;7
234;"2024-01-25 15:07:00";9;16;18
235;"2024-01-25 16:09:00";48;27;1
237;"2024-01-25 19:52:00";26;29;3
238;"2024-01-25 21:24:00";35;2;18
239;"2024-01-25 21:51:00";49;24;3
240;"2024-01-26 22:59:00";35;23;4
241;"2024-01-27 22:59:00";16;21;14
242;"2024-01-28 00:43:00";69;23;18
243;"2024-01-28 01:29:00";99;2;1
244;"2024-01-28 02:37:00";16;3;3
245;"2024-01-28 02:57:00";29;11;14
246;"2024-01-28 04:18:00";2;12;6
247;"2024-01-28 04:30:00";4;5;3
248;"2024-01-28 04:42:00";33;13;2
249;"2024-01-28 05:57:00";79;5;16
250;"2024-01-28 06:57:00";38;10;16
251;"2024-01-28 08:16:00";95;27;7
252;"2024-01-28 09:21:00";83;11;1
253;"2024-01-28 11:15:00";76;27;16
254;"2024-01-28 12:55:00";89;17;7
255;"2024-01-28 13:14:00";77;13;11
256;"2024-01-28 15:09:00";38;9;5
257;"2024-01-28 15:33:00";43;19;6
258;"2024-01-28 15:56:00";62;11;10
259;"2024-01-28 16:33:00";6;20;17
260;"2024-01-28 17:54:00";35;28;16
261;"2024-01-28 19:27:00";61;10;16
262;"2024-01-28 21:05:00";89;7;12
263;"2024-01-28 22:04:00";4;22;10
264;"2024-01-28 22:41:00";99;22;7
265;"2024-01-29 00:37:00";24;11;13
266;"2024-01-29 02:26:00";94;23;2
267;"2024-01-29 03:59:00";22;22;17
268;"2024-01-29 05:52:00";77;26;18
269;"2024-01-29 06:37:00";78;5;3
270;"2024-01-29 07:52:00";28;14;13
271;"2024-01-29 09:28:00";56;1;14
272;"2024-01-29 10:28:00";15;18;19
273;"2024-01-29 11:33:00";53;16;5
274;"2024-01-29 11:51:00";55;10;15
275;"2024-01-29 12:42:00";83;10;8
276;"2024-01-29 14:10:00";49;21;5
277;"2024-01-29 14:52:00";29;21;4
278;"2024-01-29 16:46:00";45;29;14
280;"2024-01-29 18:59:00";10;4;19
281;"2024-01-29 20:20:00";73;29;17
282;"2024-01-29 21:32:00";83;20;11
283;"2024-01-30 22:59:00";19;18;11
284;"2024-01-31 22:59:00";29;27;3
285;"2024-02-01 22:59:00";29;2;2
287;"2024-02-02 01:08:00";25;26;2
288;"2024-02-02 01:19:00";25;23;11
289;"2024-02-02 03:05:00";4;10;15
290;"2024-02-02 04:47:00";7;21;14
291;"2024-02-02 05:57:00";58;12;10
292;"2024-02-02 06:59:00";61;18;12
293;"2024-02-02 08:33:00";32;3;19
294;"2024-02-02 08:56:00";93;1;5
295;"2024-02-02 09:37:00";77;24;8
296;"2024-02-02 11:36:00";46;15;14
297;"2024-02-02 12:18:00";45;5;14
298;"2024-02-02 14:04:00";60;9;18
299;"2024-02-02 15:38:00";35;24;13
300;"2024-02-02 15:45:00";28;25;8
301;"2024-02-02 17:19:00";25;14;9
302;"2024-02-02 17:32:00";7;17;6
303;"2024-02-02 18:10:00";72;20;6
304;"2024-02-02 19:05:00";91;17;3
305;"2024-02-02 20:11:00";59;26;11
306;"2024-02-02 21:38:00";66;5;12
307;"2024-02-02 22:54:00";98;6;2
309;"2024-02-04 00:34:00";47;22;13
310;"2024-02-04 00:58:00";32;3;9
311;"2024-02-04 01:22:00";61;5;1
312;"2024-02-04 02:28:00";93;2;2
313;"2024-02-04 04:26:00";69;7;13
314;"2024-02-04 06:01:00";10;18;19
315;"2024-02-04 07:21:00";11;16;4
316;"2024-02-04 08:34:00";93;4;9
317;"2024-02-04 09:01:00";67;27;6
318;"2024-02-04 09:40:00";44;14;9
319;"2024-02-04 10:23:00";86;27;17
320;"2024-02-04 12:01:00";48;14;12
322;"2024-02-04 13:54:00";73;21;15
323;"2024-02-04 15:28:00";86;12;3
324;"2024-02-04 17:19:00";31;14;2
325;"2024-02-04 18:14:00";92;4;6
326;"2024-02-04 18:38:00";7;22;12
327;"2024-02-04 20:18:00";13;18;10
328;"2024-02-04 20:26:00";12;22;18
329;"2024-02-04 20:34:00";25;1;5
330;"2024-02-04 21:52:00";97;3;3
331;"2024-02-05 22:59:00";98;20;6
332;"2024-02-06 00:19:00";86;13;12
333;"2024-02-06 02:12:00";66;18;17
334;"2024-02-06 02:17:00";53;5;10
335;"2024-02-06 04:11:00";90;26;6
336;"2024-02-06 05:25:00";61;16;11
337;"2024-02-06 05:55:00";25;22;2
338;"2024-02-06 06:04:00";37;7;16
339;"2024-02-06 06:55:00";47;6;17
341;"2024-02-06 08:55:00";25;26;12
342;"2024-02-06 10:40:00";23;17;5
343;"2024-02-06 11:20:00";12;28;1
344;"2024-02-06 12:37:00";39;6;15
345;"2024-02-06 13:11:00";96;12;4
346;"2024-02-06 14:47:00";21;27;7
347;"2024-02-06 16:28:00";5;22;5
349;"2024-02-06 18:32:00";3;16;14
350;"2024-02-06 20:12:00";5;4;12
351;"2024-02-06 21:24:00";24;24;2
352;"2024-02-07 22:59:00";34;6;3
353;"2024-02-08 00:24:00";17;29;1
354;"2024-02-08 01:57:00";81;7;4
355;"2024-02-08 02:54:00";42;29;17
356;"2024-02-08 03:49:00";87;23;10
357;"2024-02-08 05:08:00";67;5;12
358;"2024-02-08 05:18:00";26;18;19
359;"2024-02-08 06:20:00";46;4;4
360;"2024-02-08 06:43:00";30;23;3
361;"2024-02-08 08:29:00";45;13;4
362;"2024-02-08 09:36:00";82;25;6
363;"2024-02-08 10:14:00";18;23;15
364;"2024-02-08 10:51:00";48;27;2
365;"2024-02-08 10:59:00";67;26;9
366;"2024-02-08 11:55:00";51;26;5
367;"2024-02-08 12:28:00";28;17;16
368;"2024-02-08 12:49:00";47;24;3
369;"2024-02-08 12:58:00";97;14;10
370;"2024-02-08 13:51:00";54;17;3
371;"2024-02-08 15:42:00";69;23;8
372;"2024-02-08 17:28:00";37;9;12
373;"2024-02-08 17:41:00";39;4;6
374;"2024-02-08 18:06:00";13;1;15
375;"2024-02-08 19:46:00";31;18;6
376;"2024-02-08 20:25:00";94;11;7
377;"2024-02-08 21:52:00";89;25;10
378;"2024-02-09 22:59:00";47;26;19
380;"2024-02-11 22:59:00";29;16;6
381;"2024-02-12 22:59:00";8;16;11
382;"2024-02-13 22:59:00";38;18;2
383;"2024-02-14 00:27:00";66;8;3
385;"2024-02-14 01:21:00";70;8;13
386;"2024-02-14 02:08:00";87;20;7
387;"2024-02-14 03:14:00";66;5;2
388;"2024-02-14 04:31:00";9;6;14
389;"2024-02-14 05:24:00";9;19;5
390;"2024-02-14 05:51:00";70;4;19
391;"2024-02-14 07:41:00";22;4;8
392;"2024-02-14 08:17:00";71;18;15
393;"2024-02-14 09:20:00";74;8;12
394;"2024-02-14 09:30:00";9;15;3
395;"2024-02-14 10:02:00";93;10;11
396;"2024-02-14 10:39:00";7;22;8
397;"2024-02-14 12:34:00";6;14;1
398;"2024-02-14 13:22:00";79;2;3
400;"2024-02-14 14:52:00";68;14;16
402;"2024-02-14 15:53:00";84;4;19
403;"2024-02-14 16:55:00";28;3;18
405;"2024-02-14 19:29:00";7;18;11
406;"2024-02-14 20:44:00";77;9;17
407;"2024-02-14 21:43:00";5;1;14
408;"2024-02-15 22:59:00";58;25;3
409;"2024-02-16 00:08:00";3;17;11
410;"2024-02-16 01:16:00";17;8;18
411;"2024-02-16 02:20:00";16;8;16
412;"2024-02-16 03:12:00";72;10;14
413;"2024-02-16 04:10:00";34;7;8
414;"2024-02-16 05:10:00";4;2;16
415;"2024-02-16 05:48:00";39;4;18
416;"2024-02-16 06:10:00";96;6;7
417;"2024-02-16 07:41:00";45;22;2
418;"2024-02-16 08:46:00";76;13;9
419;"2024-02-16 09:02:00";71;4;3
420;"2024-02-16 10:56:00";10;16;6
421;"2024-02-16 11:20:00";81;29;2
423;"2024-02-16 12:00:00";32;16;1
424;"2024-02-16 13:50:00";28;17;16
426;"2024-02-16 14:06:00";62;17;7
427;"2024-02-16 15:33:00";90;4;5
428;"2024-02-16 15:59:00";29;14;18
429;"2024-02-16 17:52:00";72;13;16
430;"2024-02-16 18:53:00";46;14;12
431;"2024-02-16 19:09:00";68;15;16
432;"2024-02-16 21:03:00";46;20;3
433;"2024-02-16 22:10:00";64;29;7
434;"2024-02-17 22:59:00";63;9;5
436;"2024-02-19 00:52:00";50;17;3
437;"2024-02-19 01:42:00";4;23;10
438;"2024-02-19 03:23:00";10;10;1
439;"2024-02-19 05:06:00";9;26;14
440;"2024-02-19 07:00:00";66;12;14
441;"2024-02-19 08:22:00";53;20;14
442;"2024-02-19 10:09:00";47;23;16
443;"2024-02-19 11:42:00";16;23;6
444;"2024-02-19 12:13:00";56;15;18
445;"2024-02-19 13:03:00";42;26;18
446;"2024-02-19 13:47:00";63;21;13
447;"2024-02-19 14:23:00";58;13;18
448;"2024-02-19 15:52:00";8;18;5
450;"2024-02-19 16:29:00";6;21;17
451;"2024-02-19 18:03:00";40;20;2
452;"2024-02-19 19:06:00";25;11;7
453;"2024-02-19 20:53:00";78;3;13
454;"2024-02-19 21:02:00";3;16;13
455;"2024-02-19 21:27:00";23;26;18
456;"2024-02-19 22:42:00";81;17;14
457;"2024-02-20 22:59:00";95;21;3
458;"2024-02-21 22:59:00";96;26;2
460;"2024-02-23 00:45:00";34;26;6
461;"2024-02-23 02:13:00";54;12;19
464;"2024-02-23 05:11:00";63;25;8
465;"2024-02-23 05:21:00";26;2;6
466;"2024-02-23 05:26:00";55;20;15
468;"2024-02-23 07:46:00";98;26;15
469;"2024-02-23 09:41:00";16;27;15
470;"2024-02-23 09:52:00";33;29;3
471;"2024-02-23 11:33:00";19;14;1
472;"2024-02-23 12:32:00";21;7;6
473;"2024-02-23 14:08:00";50;1;19
474;"2024-02-23 15:55:00";75;19;19
475;"2024-02-23 16:30:00";68;17;2
476;"2024-02-23 17:19:00";5;14;5
478;"2024-02-23 19:44:00";26;1;8
479;"2024-02-23 21:08:00";30;13;15
481;"2024-02-23 22:17:00";13;3;13
482;"2024-02-24 22:59:00";67;12;17
483;"2024-02-25 00:50:00";80;2;11
484;"2024-02-25 01:53:00";74;9;18
485;"2024-02-25 02:32:00";1;20;11
486;"2024-02-25 04:15:00";48;4;6
487;"2024-02-25 05:47:00";70;17;16
488;"2024-02-25 07:00:00";37;10;16
489;"2024-02-25 08:53:00";59;9;6
490;"2024-02-25 10:21:00";48;21;2
491;"2024-02-25 10:44:00";6;1;7
492;"2024-02-25 12:08:00";37;3;12
493;"2024-02-25 13:41:00";61;23;14
494;"2024-02-25 14:45:00";73;11;18
495;"2024-02-25 15:21:00";8;3;16
496;"2024-02-25 15:53:00";65;1;5
497;"2024-02-25 17:37:00";46;25;18
498;"2024-02-25 18:02:00";30;7;8
499;"2024-02-25 18:54:00";15;22;19
500;"2024-02-25 19:32:00";1;12;4
502;"2024-02-25 22:45:00";10;18;4
503;"2024-02-26 22:59:00";98;21;5
504;"2024-02-27 22:59:00";99;28;11
506;"2024-02-28 02:11:00";47;26;8
507;"2024-02-28 02:34:00";40;19;16
508;"2024-02-28 04:01:00";29;14;15
509;"2024-02-28 05:05:00";45;26;12
510;"2024-02-28 06:52:00";60;10;10
511;"2024-02-28 08:21:00";91;18;19
512;"2024-02-28 09:47:00";71;7;10
513;"2024-02-28 10:45:00";25;27;11
514;"2024-02-28 12:25:00";98;8;16
515;"2024-02-28 13:02:00";37;7;4
516;"2024-02-28 14:46:00";76;13;3
517;"2024-02-28 16:31:00";71;5;6
518;"2024-02-28 16:39:00";24;20;16
519;"2024-02-28 16:55:00";5;9;1
520;"2024-02-28 17:59:00";91;24;13
521;"2024-02-28 19:00:00";39;6;14
522;"2024-02-28 19:39:00";25;6;6
523;"2024-02-28 19:57:00";29;25;2
526;"2024-02-28 22:37:00";91;16;16
527;"2024-02-29 22:59:00";55;24;1
528;"2024-03-01 00:20:00";83;22;12
529;"2024-03-01 01:47:00";14;3;5
530;"2024-03-01 02:32:00";21;4;4
531;"2024-03-01 02:44:00";96;23;15
532;"2024-03-01 03:27:00";89;29;10
535;"2024-03-01 06:50:00";96;26;5
536;"2024-03-01 08:18:00";10;22;18
537;"2024-03-01 09:43:00";13;25;18
538;"2024-03-01 11:30:00";73;21;12
539;"2024-03-01 12:27:00";44;5;19
540;"2024-03-01 12:44:00";73;5;5
541;"2024-03-01 14:22:00";20;13;9
542;"2024-03-01 14:56:00";80;13;7
543;"2024-03-01 16:23:00";81;15;7
545;"2024-03-01 18:22:00";72;8;13
546;"2024-03-01 19:21:00";89;13;17
547;"2024-03-01 19:48:00";29;13;11
548;"2024-03-01 20:31:00";63;4;2
549;"2024-03-01 22:03:00";10;6;5
550;"2024-03-02 22:59:00";17;9;15
552;"2024-03-03 00:30:00";61;13;19
553;"2024-03-03 01:33:00";52;5;19
555;"2024-03-03 04:46:00";40;29;17
556;"2024-03-03 05:06:00";89;16;4
557;"2024-03-03 06:51:00";4;25;11
558;"2024-03-03 07:00:00";84;4;17
559;"2024-03-03 08:46:00";63;26;9
560;"2024-03-03 10:44:00";6;10;5
561;"2024-03-03 11:17:00";83;16;16
562;"2024-03-03 12:18:00";15;10;3
563;"2024-03-03 12:52:00";50;11;11
564;"2024-03-03 12:59:00";77;27;9
565;"2024-03-03 14:50:00";10;23;19
566;"2024-03-03 15:52:00";4;25;17
567;"2024-03-03 17:04:00";68;29;6
568;"2024-03-03 18:02:00";73;4;14
569;"2024-03-03 19:30:00";15;20;17
570;"2024-03-03 21:16:00";99;4;19
571;"2024-03-03 21:37:00";65;1;9
572;"2024-03-03 22:57:00";29;18;8
573;"2024-03-04 22:59:00";46;9;1
574;"2024-03-05 00:39:00";42;22;3
575;"2024-03-05 02:09:00";22;29;13
576;"2024-03-05 02:50:00";58;7;6
578;"2024-03-05 03:26:00";63;17;5
579;"2024-03-05 03:50:00";62;19;10
580;"2024-03-05 05:03:00";31;16;6
581;"2024-03-05 06:41:00";34;23;18
582;"2024-03-05 06:51:00";27;25;17
583;"2024-03-05 08:00:00";68;3;3
585;"2024-03-05 09:57:00";30;3;8
586;"2024-03-05 10:19:00";97;4;7
587;"2024-03-05 11:04:00";56;17;3
588;"2024-03-05 12:47:00";23;3;6
589;"2024-03-05 13:23:00";27;18;19
590;"2024-03-05 13:39:00";54;1;1
591;"2024-03-05 15:18:00";91;23;8
592;"2024-03-05 15:23:00";56;10;15
593;"2024-03-05 17:13:00";96;2;1
594;"2024-03-05 18:08:00";54;1;17
595;"2024-03-05 19:11:00";54;9;10
596;"2024-03-05 19:48:00";45;7;13
597;"2024-03-05 21:00:00";2;8;7
598;"2024-03-05 22:53:00";41;12;1
599;"2024-03-06 00:39:00";85;2;7
600;"2024-03-06 01:57:00";63;18;9
601;"2024-03-06 03:39:00";24;8;14
602;"2024-03-06 04:54:00";58;3;17
603;"2024-03-06 06:40:00";9;14;6
604;"2024-03-06 08:25:00";96;21;5
605;"2024-03-06 09:40:00";64;21;15
608;"2024-03-06 11:45:00";87;2;18
609;"2024-03-06 12:19:00";26;15;5
610;"2024-03-06 12:42:00";75;5;9
611;"2024-03-06 14:15:00";29;3;4
612;"2024-03-06 16:01:00";64;4;12
613;"2024-03-06 16:33:00";31;5;4
614;"2024-03-06 16:53:00";16;28;15
615;"2024-03-06 18:22:00";58;20;8
616;"2024-03-06 19:45:00";82;19;5
617;"2024-03-06 20:19:00";13;10;16
618;"2024-03-06 20:56:00";14;25;18
619;"2024-03-06 22:25:00";51;5;2
620;"2024-03-07 00:19:00";25;17;13
621;"2024-03-07 01:43:00";27;9;4
623;"2024-03-07 03:17:00";16;1;1
624;"2024-03-07 04:57:00";87;24;11
625;"2024-03-07 05:03:00";41;16;8
626;"2024-03-07 06:25:00";78;20;3
627;"2024-03-07 06:57:00";74;4;4
628;"2024-03-07 08:01:00";21;15;11
629;"2024-03-07 09:00:00";45;22;16
630;"2024-03-07 10:58:00";67;1;15
631;"2024-03-07 12:12:00";66;14;11
632;"2024-03-07 13:45:00";96;13;7
633;"2024-03-07 14:13:00";52;18;1
634;"2024-03-07 14:38:00";52;2;13
635;"2024-03-07 15:17:00";54;10;2
636;"2024-03-07 17:15:00";2;10;8
637;"2024-03-07 18:11:00";76;8;10
638;"2024-03-07 18:53:00";10;14;2
639;"2024-03-07 19:41:00";79;2;7
640;"2024-03-07 21:34:00";74;3;15
641;"2024-03-08 22:59:00";60;11;12
642;"2024-03-09 22:59:00";77;11;12
643;"2024-03-10 22:59:00";6;5;3
644;"2024-03-11 22:59:00";51;8;5
645;"2024-03-12 00:08:00";32;21;7
646;"2024-03-12 00:46:00";97;8;2
647;"2024-03-12 01:37:00";41;16;13
648;"2024-03-12 03:28:00";67;23;17
649;"2024-03-12 05:00:00";75;15;15
650;"2024-03-12 06:44:00";25;23;11
651;"2024-03-12 07:43:00";60;8;6
652;"2024-03-12 09:41:00";44;24;3
653;"2024-03-12 09:56:00";20;11;8
654;"2024-03-12 10:02:00";46;7;1
655;"2024-03-12 10:46:00";57;28;8
656;"2024-03-12 12:13:00";48;20;2
657;"2024-03-12 13:59:00";23;14;5
658;"2024-03-12 15:04:00";43;23;8
659;"2024-03-12 16:54:00";63;4;13
660;"2024-03-12 17:17:00";12;10;19
661;"2024-03-12 17:56:00";83;2;4
662;"2024-03-12 19:12:00";6;1;1
663;"2024-03-12 19:57:00";28;15;10
664;"2024-03-12 20:08:00";92;18;18
665;"2024-03-12 20:43:00";26;10;14
666;"2024-03-12 21:34:00";62;3;6
667;"2024-03-12 22:23:00";88;14;1
668;"2024-03-13 22:59:00";48;23;16
669;"2024-03-14 00:01:00";84;26;18
670;"2024-03-14 01:22:00";7;28;14
671;"2024-03-14 02:07:00";86;24;11
672;"2024-03-14 03:10:00";45;8;1
673;"2024-03-14 04:01:00";87;11;12
674;"2024-03-14 05:12:00";68;5;3
675;"2024-03-14 06:20:00";47;29;14
677;"2024-03-14 09:43:00";81;2;11
678;"2024-03-14 11:14:00";62;20;7
679;"2024-03-14 12:31:00";24;16;7
680;"2024-03-14 13:40:00";5;27;12
681;"2024-03-14 13:49:00";56;27;17
682;"2024-03-14 14:54:00";35;10;1
683;"2024-03-14 16:25:00";70;5;4
684;"2024-03-14 16:33:00";27;28;19
685;"2024-03-14 16:40:00";9;29;2
686;"2024-03-14 18:09:00";12;12;14
687;"2024-03-14 19:16:00";17;27;14
689;"2024-03-14 21:37:00";77;19;8
690;"2024-03-15 22:59:00";8;22;19
691;"2024-03-16 22:59:00";31;11;11
692;"2024-03-17 22:59:00";37;22;15
693;"2024-03-18 22:59:00";19;8;7
694;"2024-03-19 00:19:00";68;8;12
695;"2024-03-19 01:02:00";16;6;17
696;"2024-03-19 01:52:00";11;15;4
697;"2024-03-19 02:25:00";83;26;11
698;"2024-03-19 03:38:00";16;20;10
699;"2024-03-19 03:59:00";60;22;12
700;"2024-03-19 05:18:00";19;12;15
701;"2024-03-19 06:14:00";82;2;11
702;"2024-03-19 07:00:00";10;24;7
703;"2024-03-19 08:12:00";16;5;17
704;"2024-03-19 09:52:00";69;27;11
705;"2024-03-19 10:49:00";32;3;2
707;"2024-03-19 13:16:00";41;22;2
708;"2024-03-19 13:42:00";69;18;9
709;"2024-03-19 15:12:00";34;14;13
710;"2024-03-19 15:31:00";9;1;16
711;"2024-03-19 17:13:00";30;5;16
712;"2024-03-19 17:50:00";9;20;10
713;"2024-03-19 18:48:00";50;3;11
714;"2024-03-19 20:24:00";38;12;9
715;"2024-03-19 21:38:00";73;13;10
716;"2024-03-19 22:02:00";30;21;15
717;"2024-03-20 22:59:00";99;19;14
719;"2024-03-22 00:48:00";12;9;14
720;"2024-03-22 02:10:00";20;23;2
721;"2024-03-22 02:29:00";29;25;2
722;"2024-03-22 03:16:00";25;7;7
724;"2024-03-22 04:51:00";61;12;16
725;"2024-03-22 05:40:00";22;12;12
726;"2024-03-22 07:32:00";82;27;4
727;"2024-03-22 08:32:00";52;28;19
728;"2024-03-22 08:56:00";49;1;2
729;"2024-03-22 09:28:00";45;29;13
730;"2024-03-22 09:43:00";40;14;9
731;"2024-03-22 10:51:00";36;6;7
732;"2024-03-22 12:38:00";67;27;15
733;"2024-03-22 12:54:00";68;25;5
734;"2024-03-22 14:42:00";17;5;12
735;"2024-03-22 16:32:00";71;6;7
736;"2024-03-22 17:24:00";83;6;11
737;"2024-03-22 19:09:00";1;25;2
738;"2024-03-22 20:29:00";21;17;6
739;"2024-03-22 20:58:00";58;22;8
740;"2024-03-22 21:33:00";66;8;1
741;"2024-03-23 22:59:00";50;4;15
742;"2024-03-24 22:59:00";42;2;2
743;"2024-03-25 22:59:00";32;7;10
745;"2024-03-27 00:46:00";85;20;5
746;"2024-03-27 01:17:00";55;24;16
747;"2024-03-27 02:29:00";93;8;13
748;"2024-03-27 02:35:00";30;4;5
749;"2024-03-27 04:00:00";7;10;8
750;"2024-03-27 04:49:00";36;6;10
751;"2024-03-27 06:08:00";17;25;8
752;"2024-03-27 08:04:00";48;16;13
753;"2024-03-27 08:37:00";61;4;4
754;"2024-03-27 09:07:00";63;17;19
755;"2024-03-27 10:11:00";73;29;8
756;"2024-03-27 11:51:00";97;6;18
757;"2024-03-27 11:59:00";57;27;14
758;"2024-03-27 12:26:00";70;14;9
759;"2024-03-27 13:50:00";48;5;15
760;"2024-03-27 14:02:00";3;21;7
761;"2024-03-27 14:22:00";26;7;16
762;"2024-03-27 16:08:00";92;1;4
763;"2024-03-27 17:05:00";22;22;12
764;"2024-03-27 17:54:00";2;4;7
765;"2024-03-27 19:16:00";27;3;17
766;"2024-03-27 19:52:00";7;16;16
767;"2024-03-27 20:48:00";73;12;7
768;"2024-03-27 22:43:00";63;12;10
769;"2024-03-28 00:10:00";2;10;13
770;"2024-03-28 02:03:00";51;3;11
771;"2024-03-28 03:07:00";72;15;10
772;"2024-03-28 04:10:00";46;10;12
773;"2024-03-28 05:05:00";61;22;5
774;"2024-03-28 06:53:00";34;29;11
775;"2024-03-28 08:12:00";15;3;10
776;"2024-03-28 08:30:00";83;20;13
777;"2024-03-28 09:30:00";37;11;14
778;"2024-03-28 10:54:00";41;8;3
779;"2024-03-28 11:07:00";7;24;1
780;"2024-03-28 12:47:00";40;2;19
781;"2024-03-28 13:29:00";19;22;5
782;"2024-03-28 14:43:00";54;17;6
783;"2024-03-28 15:14:00";62;11;18
784;"2024-03-28 17:08:00";93;26;2
785;"2024-03-28 18:33:00";62;16;9
786;"2024-03-28 19:29:00";14;13;14
787;"2024-03-28 20:32:00";20;23;2
788;"2024-03-28 21:18:00";5;9;11
789;"2024-03-28 22:10:00";71;26;15
790;"2024-03-28 22:18:00";20;26;8
791;"2024-03-29 22:59:00";99;22;4
792;"2024-03-30 00:51:00";91;11;13
793;"2024-03-30 01:43:00";1;5;3
794;"2024-03-30 03:37:00";59;16;13
795;"2024-03-30 04:05:00";83;17;2
796;"2024-03-30 05:29:00";9;17;17
798;"2024-03-30 07:08:00";63;14;10
799;"2024-03-30 08:34:00";99;8;3
802;"2024-03-30 10:43:00";98;4;11
804;"2024-03-30 13:24:00";70;10;8
805;"2024-03-30 14:59:00";67;4;16
806;"2024-03-30 16:39:00";62;4;13
807;"2024-03-30 18:35:00";68;14;5
809;"2024-03-30 20:54:00";50;3;19
810;"2024-03-30 22:42:00";64;5;13
811;"2024-03-31 22:59:00";17;17;6
812;"2024-04-01 00:33:00";71;24;10
813;"2024-04-01 02:28:00";92;21;18
814;"2024-04-01 04:26:00";39;2;1
815;"2024-04-01 04:44:00";34;3;5
816;"2024-04-01 05:37:00";47;3;3
817;"2024-04-01 07:17:00";19;11;3
818;"2024-04-01 08:11:00";96;2;13
820;"2024-04-01 11:04:00";92;16;13
822;"2024-04-01 12:15:00";7;16;19
823;"2024-04-01 13:48:00";48;10;2
824;"2024-04-01 15:27:00";70;19;13
825;"2024-04-01 16:32:00";96;7;10
826;"2024-04-01 17:39:00";80;29;11
827;"2024-04-01 18:12:00";8;26;19
828;"2024-04-01 19:50:00";16;18;3
829;"2024-04-01 21:47:00";12;16;9
830;"2024-04-01 22:30:00";13;3;3
831;"2024-04-02 00:30:00";68;15;5
832;"2024-04-02 02:04:00";55;14;2
833;"2024-04-02 04:02:00";48;21;6
834;"2024-04-02 04:58:00";99;26;4
835;"2024-04-02 06:45:00";1;6;5
836;"2024-04-02 07:13:00";88;17;16
837;"2024-04-02 07:57:00";39;12;15
838;"2024-04-02 08:20:00";20;21;13
839;"2024-04-02 08:41:00";2;24;1
841;"2024-04-02 09:56:00";38;5;14
842;"2024-04-02 10:57:00";88;7;6
843;"2024-04-02 11:22:00";29;22;6
844;"2024-04-02 12:31:00";9;5;11
845;"2024-04-02 12:40:00";31;10;2
846;"2024-04-02 12:49:00";41;8;12
847;"2024-04-02 13:08:00";93;14;1
848;"2024-04-02 13:59:00";61;19;16
849;"2024-04-02 15:05:00";64;4;1
850;"2024-04-02 16:06:00";46;7;19
851;"2024-04-02 16:55:00";58;5;15
852;"2024-04-02 17:16:00";82;27;10
853;"2024-04-02 17:38:00";33;13;12
854;"2024-04-02 18:23:00";32;7;9
855;"2024-04-02 19:11:00";5;19;12
856;"2024-04-02 20:33:00";70;14;13
857;"2024-04-02 22:05:00";66;20;15
858;"2024-04-03 22:59:00";83;8;18
859;"2024-04-04 00:25:00";72;20;4
860;"2024-04-04 02:11:00";14;17;10
861;"2024-04-04 02:16:00";23;28;5
862;"2024-04-04 02:39:00";20;6;7
863;"2024-04-04 02:49:00";45;25;6
864;"2024-04-04 03:24:00";31;27;9
865;"2024-04-04 04:10:00";2;13;19
867;"2024-04-04 05:21:00";82;11;12
868;"2024-04-04 07:14:00";6;4;15
869;"2024-04-04 08:06:00";26;1;18
870;"2024-04-04 09:27:00";58;29;11
871;"2024-04-04 10:57:00";93;20;10
872;"2024-04-04 12:51:00";4;23;8
873;"2024-04-04 13:58:00";33;29;11
874;"2024-04-04 15:18:00";66;3;1
875;"2024-04-04 15:43:00";86;13;13
876;"2024-04-04 17:28:00";4;12;18
877;"2024-04-04 19:15:00";71;1;16
878;"2024-04-04 20:25:00";83;22;14
879;"2024-04-04 20:57:00";52;5;4
880;"2024-04-04 21:53:00";19;13;2
881;"2024-04-04 22:57:00";68;17;8
882;"2024-04-05 00:15:00";60;24;12
883;"2024-04-05 00:28:00";1;22;12
884;"2024-04-05 00:44:00";73;1;8
885;"2024-04-05 02:17:00";1;28;15
886;"2024-04-05 02:25:00";70;4;11
887;"2024-04-05 04:03:00";19;17;11
888;"2024-04-05 04:14:00";12;1;8
889;"2024-04-05 04:41:00";77;20;10
890;"2024-04-05 05:10:00";99;16;15
891;"2024-04-05 06:47:00";14;20;19
892;"2024-04-05 07:15:00";86;20;7
893;"2024-04-05 09:04:00";9;18;7
894;"2024-04-05 10:53:00";14;14;10
895;"2024-04-05 11:11:00";16;10;17
896;"2024-04-05 12:24:00";98;1;19
897;"2024-04-05 13:10:00";69;29;11
898;"2024-04-05 15:06:00";83;6;14
902;"2024-04-05 17:58:00";79;20;8
903;"2024-04-05 19:55:00";67;23;1
904;"2024-04-05 21:19:00";94;18;6
905;"2024-04-05 22:50:00";59;9;5
906;"2024-04-06 22:59:00";37;13;3
907;"2024-04-07 00:28:00";33;13;10
908;"2024-04-07 00:53:00";59;24;5
910;"2024-04-07 01:57:00";11;10;11
911;"2024-04-07 02:11:00";60;21;9
912;"2024-04-07 03:36:00";6;3;17
914;"2024-04-07 04:57:00";71;20;11
915;"2024-04-07 06:34:00";82;22;13
916;"2024-04-07 08:32:00";23;7;5
917;"2024-04-07 10:03:00";93;15;3
918;"2024-04-07 10:40:00";69;9;14
919;"2024-04-07 12:36:00";31;19;5
920;"2024-04-07 13:13:00";64;26;6
921;"2024-04-07 13:47:00";91;3;15
922;"2024-04-07 14:04:00";62;11;11
923;"2024-04-07 14:19:00";40;9;17
924;"2024-04-07 16:13:00";7;8;19
925;"2024-04-07 18:10:00";53;7;11
926;"2024-04-07 18:53:00";56;24;4
927;"2024-04-07 18:59:00";76;19;15
928;"2024-04-07 19:47:00";97;17;8
929;"2024-04-07 21:40:00";75;4;13
930;"2024-04-07 22:25:00";78;20;7
931;"2024-04-08 00:17:00";38;12;5
932;"2024-04-08 01:05:00";6;17;15
933;"2024-04-08 02:13:00";64;10;10
934;"2024-04-08 02:36:00";85;5;18
935;"2024-04-08 03:57:00";98;20;10
936;"2024-04-08 04:38:00";25;19;3
937;"2024-04-08 04:45:00";31;24;2
938;"2024-04-08 06:28:00";96;5;7
939;"2024-04-08 07:39:00";56;23;12
941;"2024-04-08 09:38:00";23;4;12
943;"2024-04-08 11:43:00";36;16;12
944;"2024-04-08 13:33:00";44;5;4
945;"2024-04-08 14:22:00";93;16;4
946;"2024-04-08 14:44:00";40;1;17
947;"2024-04-08 16:24:00";19;8;5
948;"2024-04-08 17:42:00";97;13;6
949;"2024-04-08 18:39:00";37;12;5
950;"2024-04-08 20:36:00";28;6;2
951;"2024-04-08 21:30:00";6;16;4
952;"2024-04-09 22:59:00";6;22;9
953;"2024-04-10 00:09:00";8;23;8
954;"2024-04-10 01:37:00";97;24;18
955;"2024-04-10 01:43:00";23;18;19
956;"2024-04-10 01:50:00";63;5;16
957;"2024-04-10 02:17:00";88;11;7
958;"2024-04-10 02:44:00";66;10;5
959;"2024-04-10 02:56:00";54;7;7
960;"2024-04-10 03:18:00";43;2;13
961;"2024-04-10 03:41:00";36;20;9
962;"2024-04-10 04:33:00";59;9;6
963;"2024-04-10 05:52:00";11;17;16
964;"2024-04-10 07:39:00";25;3;11
965;"2024-04-10 07:53:00";34;3;14
966;"2024-04-10 08:29:00";30;20;9
967;"2024-04-10 09:27:00";85;20;6
968;"2024-04-10 10:13:00";99;28;12
969;"2024-04-10 11:30:00";7;1;4
970;"2024-04-10 12:56:00";8;15;8
971;"2024-04-10 14:24:00";18;27;14
972;"2024-04-10 16:03:00";27;15;12
973;"2024-04-10 17:15:00";81;14;17
974;"2024-04-10 17:20:00";94;27;16
975;"2024-04-10 18:43:00";78;17;3
977;"2024-04-10 19:13:00";96;2;6
978;"2024-04-10 19:24:00";50;18;19
979;"2024-04-10 19:54:00";52;29;3
980;"2024-04-10 21:51:00";94;17;16
981;"2024-04-10 22:48:00";73;5;7
982;"2024-04-11 22:59:00";16;20;17
983;"2024-04-12 00:52:00";44;26;14
984;"2024-04-12 02:06:00";15;25;4
985;"2024-04-12 02:23:00";81;24;2
986;"2024-04-12 04:23:00";16;24;12
987;"2024-04-12 04:34:00";15;4;19
988;"2024-04-12 06:23:00";52;10;3
989;"2024-04-12 07:09:00";96;15;13
990;"2024-04-12 07:38:00";14;3;16
991;"2024-04-12 08:41:00";51;14;16
992;"2024-04-12 09:22:00";69;15;18
993;"2024-04-12 09:57:00";73;3;8
994;"2024-04-12 10:18:00";67;5;19
995;"2024-04-12 12:02:00";80;6;13
996;"2024-04-12 13:18:00";27;14;5
997;"2024-04-12 14:19:00";12;4;14
998;"2024-04-12 15:39:00";18;18;8
999;"2024-04-12 15:53:00";7;23;16
